usuario_id,producto_id,calificacion
1,14,1
1,78,5
1,28,5
1,107,1
1,11,4
1,103,2
1,102,1
2,61,1
2,36,3
2,5,1
2,32,1
2,94,4
2,56,2
2,32,3
2,3,3
2,60,1
2,25,4
2,6,5
2,73,2
2,49,3
2,34,4
3,90,2
3,110,4
3,9,1
3,103,3
3,84,1
4,57,1
4,65,5
4,75,4
4,43,2
4,89,1
4,7,1
4,42,3
4,78,3
4,28,1
4,30,1
5,110,2
5,73,5
5,101,2
5,106,1
5,72,1
5,7,4
5,14,1
5,102,3
5,47,4
6,6,5
6,57,3
6,14,5
6,42,5
6,87,4
6,41,2
6,70,1
6,12,4
6,43,4
6,6,2
6,26,5
6,53,2
6,41,5
6,94,2
6,41,2
7,83,1
7,23,3
7,15,2
7,41,2
7,54,4
7,25,4
7,35,1
7,93,3
7,75,3
7,41,4
7,29,4
8,78,5
8,50,4
8,62,5
8,102,4
8,105,1
8,52,3
8,106,4
8,88,2
8,25,5
8,21,4
8,23,3
9,40,2
9,14,5
9,110,4
9,66,5
9,56,3
9,105,1
9,5,1
9,10,4
9,97,2
9,32,2
9,109,2
10,39,3
10,60,2
10,23,5
10,8,4
10,86,3
10,47,4
10,71,2
10,59,1
10,42,3
10,23,3
10,51,4
10,33,3
11,75,1
11,63,2
11,13,5
11,53,5
11,8,4
11,49,4
11,70,1
11,62,1
11,80,1
11,72,5
11,22,1
12,48,3
12,84,1
12,27,5
12,40,2
12,2,1
12,53,1
12,43,5
12,18,2
12,104,1
12,99,5
12,32,5
12,27,2
12,92,1
12,85,1
12,76,5
13,91,2
13,57,1
13,56,3
13,5,1
13,40,4
13,82,2
13,101,4
13,105,3
14,37,3
14,92,1
14,97,3
14,53,3
14,20,3
14,31,5
14,54,2
14,88,5
14,103,3
14,59,2
14,106,2
15,109,3
15,31,2
15,73,5
15,40,2
15,64,2
15,15,1
15,21,3
15,82,4
15,75,5
15,81,2
15,34,2
15,25,1
15,8,1
16,52,4
16,80,1
16,8,3
16,4,1
16,109,1
16,56,2
16,20,1
16,68,2
16,66,4
16,110,5
16,37,4
16,7,1
16,82,3
17,7,5
17,108,2
17,5,1
17,65,1
17,20,2
17,103,2
18,86,2
18,70,5
18,63,1
18,70,2
18,75,3
18,72,4
18,38,3
19,8,5
19,6,2
19,45,1
19,14,5
19,30,3
19,83,5
19,29,3
20,58,2
20,76,1
20,35,1
20,90,4
20,104,4
20,82,2
20,109,3
20,71,1
20,74,3
20,70,2
20,72,4
21,67,5
21,92,1
21,34,2
21,66,1
21,4,4
21,57,2
21,94,1
22,99,2
22,56,5
22,70,1
22,44,1
22,90,1
22,97,1
22,32,3
22,4,5
22,7,3
22,30,5
22,44,5
22,60,5
22,39,5
22,66,3
22,78,3
23,7,3
23,2,2
23,73,1
23,96,2
23,72,2
23,94,2
23,28,4
24,51,4
24,102,2
24,107,5
24,60,4
24,95,5
24,68,1
24,33,3
24,106,5
24,102,1
24,2,1
24,38,3
24,53,2
24,104,4
24,13,3
25,74,1
25,103,2
25,33,3
25,78,2
25,108,5
25,31,5
25,6,4
26,5,5
26,26,5
26,39,5
26,90,4
26,108,2
26,37,5
26,71,4
26,101,5
26,9,5
26,15,1
26,43,2
26,29,2
27,79,3
27,12,2
27,102,2
27,66,3
27,13,5
27,71,3
27,3,4
27,100,3
27,49,1
28,72,3
28,104,3
28,81,1
28,73,5
28,23,2
28,48,3
28,39,3
28,86,5
28,9,5
28,24,4
28,68,5
29,42,5
29,91,3
29,92,5
29,48,1
29,42,1
29,27,1
29,43,4
29,15,1
29,9,5
29,83,5
29,37,1
29,89,2
30,22,4
30,37,2
30,78,4
30,41,1
30,31,3
30,85,2
30,91,2
30,85,5
30,99,3
30,90,5
30,58,1
30,100,4
30,101,3
30,100,4
30,2,5
31,107,2
31,31,2
31,8,5
31,104,4
31,19,1
31,11,5
31,31,4
31,87,4
31,31,4
31,15,5
31,80,5
31,21,2
32,53,2
32,47,4
32,14,1
32,94,1
32,85,4
32,75,3
32,90,1
32,44,4
32,73,1
32,12,3
33,35,1
33,56,5
33,17,2
33,54,5
33,50,3
33,16,3
33,90,4
33,14,2
33,105,5
34,51,3
34,96,4
34,65,1
34,23,2
34,77,4
34,10,4
34,104,1
34,37,1
34,31,3
34,109,1
34,91,5
34,61,3
34,37,2
34,11,2
34,18,4
35,12,2
35,96,3
35,34,3
35,44,4
35,33,2
35,42,5
35,72,4
36,100,2
36,85,5
36,93,5
36,85,1
36,50,4
36,73,5
36,39,1
36,109,5
36,53,3
36,86,3
36,6,3
36,23,3
36,30,5
36,9,1
37,103,1
37,20,1
37,3,2
37,78,3
37,55,5
38,35,2
38,105,4
38,21,5
38,94,2
38,37,3
39,64,2
39,9,1
39,14,2
39,54,2
39,71,3
39,64,1
39,84,2
39,84,1
39,22,4
39,63,3
39,75,4
39,31,3
39,62,2
39,12,4
40,107,3
40,108,1
40,24,4
40,47,3
40,13,1
40,82,2
40,79,3
40,21,5
40,86,2
40,40,4
40,33,4
40,93,4
41,36,5
41,64,1
41,107,5
41,38,3
41,73,5
41,24,4
41,70,3
41,106,1
41,78,1
41,15,4
42,31,4
42,42,3
42,64,1
42,20,5
42,2,1
43,17,5
43,55,3
43,29,4
43,103,1
43,5,5
43,101,2
43,79,1
43,34,2
43,92,4
43,84,3
43,1,3
43,57,4
43,81,2
43,73,2
44,68,4
44,108,4
44,1,5
44,85,1
44,98,5
44,36,3
44,84,1
44,12,5
44,8,4
44,36,5
44,101,5
45,78,4
45,14,2
45,106,3
45,76,3
45,48,3
45,86,5
45,73,5
45,33,5
45,25,3
45,19,4
45,85,1
46,36,3
46,73,1
46,109,1
46,52,3
46,22,1
47,96,1
47,70,3
47,36,3
47,33,4
47,11,5
48,40,5
48,33,3
48,7,5
48,66,5
48,101,4
48,87,5
48,66,4
48,18,2
48,102,4
49,50,3
49,80,1
49,10,5
49,1,1
49,78,2
50,15,2
50,55,4
50,61,2
50,93,3
50,32,4
50,30,2
50,18,5
50,44,3
50,14,4
50,36,5
50,19,5
50,73,4
51,87,4
51,3,4
51,83,4
51,43,5
51,57,3
51,32,2
51,24,2
51,72,4
51,109,2
51,13,1
51,85,2
51,28,2
52,64,3
52,38,1
52,88,4
52,104,5
52,64,5
52,41,1
52,27,1
52,107,3
52,107,5
53,98,5
53,11,2
53,26,3
53,14,4
53,25,4
53,93,3
53,24,3
53,88,4
53,4,5
53,10,4
53,69,2
53,5,1
53,3,2
53,43,2
53,87,2
54,102,5
54,100,1
54,95,4
54,47,2
54,49,5
55,99,4
55,10,1
55,66,3
55,38,5
55,94,2
55,51,3
55,25,1
55,57,1
55,36,4
55,54,2
55,25,5
55,70,4
55,48,3
56,11,2
56,103,4
56,56,3
56,96,2
56,26,3
56,95,2
56,92,3
57,1,2
57,107,2
57,84,4
57,61,1
57,27,5
57,31,5
57,85,4
57,3,5
57,98,5
57,100,1
57,81,4
58,24,4
58,22,2
58,88,3
58,92,3
58,94,3
58,64,1
58,98,1
58,21,3
59,93,4
59,23,3
59,60,5
59,45,1
59,96,5
59,74,2
59,40,5
59,93,1
59,32,2
59,80,3
59,53,1
59,46,3
60,25,1
60,26,1
60,30,3
60,24,1
60,76,3
61,105,5
61,16,2
61,5,2
61,31,5
61,86,3
61,106,5
61,15,3
62,51,1
62,37,3
62,49,2
62,33,4
62,88,1
62,18,2
62,30,2
62,61,5
62,12,5
63,40,4
63,26,1
63,96,2
63,78,4
63,17,3
63,14,5
63,77,1
63,35,3
63,73,4
63,32,2
63,74,4
63,75,4
64,26,4
64,89,1
64,19,3
64,57,1
64,7,2
64,99,5
64,68,4
65,77,3
65,97,2
65,94,5
65,88,1
65,49,4
66,97,1
66,34,4
66,62,5
66,33,2
66,32,3
66,11,2
66,71,3
66,89,4
67,62,2
67,52,4
67,22,1
67,64,1
67,103,3
67,9,4
67,42,4
67,96,4
67,44,1
67,84,3
67,65,5
68,84,5
68,28,2
68,50,3
68,16,1
68,39,4
68,59,4
69,99,4
69,81,2
69,26,3
69,24,4
69,83,1
69,85,2
69,89,4
69,86,4
69,68,5
69,15,3
69,66,3
69,59,2
69,26,2
70,6,4
70,7,5
70,85,3
70,28,3
70,21,5
70,11,1
71,106,1
71,51,3
71,103,2
71,88,3
71,102,1
71,45,3
71,96,1
71,48,1
71,77,3
71,97,5
71,30,1
71,66,1
71,30,1
71,38,3
71,107,5
72,66,2
72,67,2
72,26,5
72,76,4
72,27,1
72,5,1
73,29,3
73,8,4
73,82,4
73,85,5
73,31,1
74,9,5
74,43,5
74,98,5
74,8,2
74,90,1
74,24,5
75,68,1
75,73,4
75,22,2
75,10,2
75,22,1
75,105,4
75,21,5
76,31,1
76,106,1
76,51,1
76,62,1
76,4,4
76,43,3
76,30,2
76,41,5
76,88,5
76,52,3
76,42,2
77,94,2
77,99,5
77,26,3
77,30,1
77,5,4
77,23,4
77,49,3
77,65,3
77,41,5
78,6,1
78,74,4
78,102,4
78,49,3
78,72,5
78,69,4
78,86,3
78,95,1
78,20,4
78,108,5
78,4,5
78,15,5
78,19,3
79,80,5
79,63,1
79,81,2
79,18,2
79,105,2
79,70,3
79,60,3
79,92,3
79,26,5
79,27,1
79,26,5
79,49,5
80,8,3
80,80,4
80,59,2
80,22,2
80,102,5
80,104,2
80,20,5
80,25,4
80,13,4
80,102,4
80,74,2
81,8,3
81,41,3
81,59,3
81,100,1
81,35,2
81,47,5
81,69,2
81,56,3
81,81,2
82,108,5
82,109,3
82,11,3
82,97,3
82,63,3
82,48,3
82,72,3
82,68,4
83,6,5
83,25,1
83,22,3
83,28,4
83,56,1
83,43,2
83,106,5
83,71,2
84,108,1
84,78,3
84,110,1
84,10,4
84,63,5
84,10,3
84,64,4
84,87,2
84,15,4
85,13,2
85,47,4
85,109,2
85,73,4
85,98,1
85,61,2
85,33,4
85,59,5
85,85,1
85,42,2
85,100,3
85,108,4
85,82,5
85,25,5
85,103,1
86,76,1
86,16,3
86,9,5
86,61,2
86,85,1
86,106,4
86,30,1
86,43,4
86,102,5
86,40,3
86,88,3
87,35,3
87,52,1
87,1,2
87,10,4
87,109,5
87,4,2
87,15,2
87,64,2
87,69,5
87,78,1
87,104,2
87,93,1
87,102,2
87,1,2
87,108,1
88,60,2
88,72,3
88,26,3
88,9,4
88,56,4
88,110,1
88,13,2
88,79,4
88,36,4
88,2,5
88,42,3
88,50,2
88,58,2
88,38,2
89,79,1
89,60,1
89,38,1
89,68,3
89,27,5
89,31,3
89,58,4
89,77,4
89,21,4
89,107,3
89,39,5
89,31,5
89,27,2
89,32,4
90,89,3
90,57,2
90,102,1
90,24,2
90,33,3
90,28,5
90,71,2
90,69,2
90,12,3
90,67,4
90,3,4
90,35,5
90,102,5
90,10,2
91,25,1
91,46,4
91,73,2
91,16,4
91,106,4
91,79,3
91,33,3
91,75,4
91,21,3
91,5,5
91,102,4
91,94,5
91,22,4
92,33,4
92,88,4
92,80,1
92,58,5
92,35,3
92,38,3
93,88,5
93,84,4
93,57,5
93,30,5
93,31,3
93,22,5
93,21,4
93,91,1
93,41,2
93,42,4
94,11,5
94,88,4
94,67,4
94,107,3
94,35,1
94,104,4
94,26,1
94,77,4
95,97,3
95,104,1
95,50,2
95,57,5
95,73,1
95,81,2
95,73,3
95,107,2
96,31,1
96,37,2
96,88,4
96,76,4
96,10,4
96,91,5
96,61,2
96,94,3
96,34,4
96,31,3
96,9,4
97,71,2
97,50,4
97,97,1
97,28,2
97,100,2
97,13,3
97,21,4
98,28,5
98,43,3
98,18,3
98,86,4
98,4,2
98,95,2
98,26,4
98,74,4
98,44,5
98,13,3
98,102,4
98,99,2
98,44,1
98,87,1
99,63,1
99,61,2
99,70,3
99,105,5
99,38,3
99,102,4
99,60,4
99,40,5
99,16,2
99,28,1
99,46,1
100,44,3
100,59,1
100,7,3
100,52,2
100,46,5
101,83,4
101,7,3
101,91,2
101,83,2
101,67,2
101,19,1
101,12,4
101,81,2
102,34,4
102,106,1
102,22,5
102,2,1
102,39,2
102,81,4
102,53,3
102,26,2
102,105,1
103,54,5
103,84,3
103,48,5
103,44,4
103,54,2
103,66,4
103,30,1
103,91,1
104,68,3
104,10,2
104,77,4
104,60,5
104,38,3
104,23,4
104,26,1
104,40,4
105,48,3
105,75,5
105,107,5
105,8,2
105,37,5
106,4,5
106,14,5
106,15,3
106,20,5
106,17,5
106,56,2
106,12,2
106,101,3
106,46,1
107,98,1
107,23,5
107,45,4
107,58,5
107,62,5
107,66,4
108,98,1
108,51,3
108,51,4
108,79,2
108,63,3
108,42,1
108,30,4
108,35,1
108,80,5
108,92,4
109,43,4
109,4,1
109,101,2
109,66,2
109,13,1
110,27,2
110,21,5
110,70,3
110,28,4
110,73,5
110,16,5
110,2,3
110,57,5
110,18,1
110,107,1
110,77,2
110,33,5
110,86,2
111,89,2
111,33,1
111,91,2
111,11,4
111,51,2
111,108,4
111,26,5
111,105,2
111,102,3
111,49,5
111,53,3
111,1,2
111,94,1
111,39,2
111,40,5
112,107,1
112,87,2
112,48,4
112,78,5
112,110,1
112,82,2
112,8,4
112,25,1
112,73,5
113,18,1
113,14,1
113,76,1
113,20,4
113,105,1
113,59,1
113,46,4
113,64,3
113,61,1
113,94,2
113,39,4
113,79,2
113,89,1
114,36,1
114,28,3
114,109,1
114,69,5
114,12,2
114,35,5
114,22,5
115,74,5
115,38,1
115,40,4
115,92,4
115,101,2
115,27,1
115,79,4
115,58,1
115,21,5
116,33,3
116,89,3
116,39,5
116,40,5
116,51,3
116,53,4
116,74,5
116,95,2
116,20,3
116,16,5
116,78,5
116,73,2
116,70,1
116,35,3
117,45,2
117,85,3
117,59,5
117,7,3
117,95,1
117,105,1
118,80,5
118,75,3
118,45,5
118,1,5
118,89,1
118,93,3
118,72,2
118,109,1
119,66,3
119,8,1
119,84,1
119,27,4
119,96,1
119,31,4
119,18,2
119,45,5
119,47,1
119,77,5
120,35,5
120,35,1
120,4,1
120,65,5
120,5,5
120,74,2
120,106,3
120,23,2
120,93,2
120,93,1
120,79,1
120,12,3
120,5,1
120,83,2
120,12,5
121,3,4
121,62,1
121,12,5
121,9,2
121,22,2
122,63,3
122,85,1
122,3,4
122,108,5
122,74,3
122,65,5
122,85,3
123,57,3
123,64,4
123,100,1
123,109,4
123,39,5
124,53,4
124,51,1
124,27,4
124,110,5
124,63,1
125,14,3
125,47,1
125,8,3
125,97,5
125,12,4
125,3,3
125,73,1
125,50,3
125,25,3
125,41,5
125,56,4
125,82,1
125,88,5
126,68,1
126,16,4
126,17,5
126,14,5
126,72,2
126,18,2
126,20,5
126,86,1
126,96,1
127,20,1
127,28,5
127,63,3
127,83,1
127,55,2
127,95,4
127,17,5
127,97,2
127,21,1
127,20,4
128,88,2
128,37,5
128,100,2
128,73,5
128,23,1
128,19,2
128,36,1
128,91,5
129,88,5
129,86,2
129,15,2
129,97,1
129,30,2
129,1,3
129,102,2
129,18,5
130,8,5
130,39,3
130,95,3
130,79,1
130,107,3
131,89,3
131,91,2
131,32,4
131,39,3
131,16,5
131,81,3
131,11,2
131,18,1
131,40,3
131,15,1
131,61,2
131,48,4
132,97,2
132,8,1
132,50,2
132,71,3
132,9,4
132,59,5
132,80,5
132,89,1
132,28,1
132,78,3
132,24,2
132,93,1
132,5,5
133,79,4
133,67,4
133,49,1
133,53,3
133,72,3
133,88,1
133,105,5
133,105,2
133,35,5
133,70,3
133,26,2
133,56,4
133,26,2
133,8,2
133,50,2
134,68,1
134,32,3
134,86,1
134,100,1
134,6,4
134,80,5
134,108,3
134,29,1
134,6,1
134,110,1
134,86,3
134,7,3
134,42,5
135,6,2
135,103,4
135,22,4
135,78,3
135,75,5
135,77,2
135,55,5
135,76,1
135,97,1
135,34,1
135,94,2
135,79,2
135,71,1
135,68,5
135,83,4
136,2,4
136,85,1
136,7,4
136,78,3
136,101,5
136,23,4
136,62,5
136,7,1
136,94,1
136,107,1
136,32,2
137,69,2
137,86,3
137,106,2
137,1,5
137,75,2
137,28,1
137,88,1
137,22,2
137,51,4
137,27,5
137,53,3
137,28,1
137,2,2
137,17,2
138,89,5
138,41,3
138,63,3
138,58,1
138,45,2
139,95,3
139,41,3
139,13,2
139,108,5
139,58,2
140,93,2
140,1,3
140,28,2
140,44,5
140,67,2
140,45,2
140,12,5
140,86,5
140,47,4
140,48,2
140,31,3
140,15,2
140,45,5
140,27,1
140,17,3
141,51,1
141,45,2
141,50,2
141,85,3
141,28,2
141,99,3
141,76,4
141,44,4
141,68,5
141,19,5
141,97,2
142,51,2
142,35,2
142,62,5
142,66,5
142,42,5
142,80,1
142,6,4
142,21,5
142,33,2
142,68,5
142,52,4
142,54,1
143,11,5
143,72,3
143,9,4
143,80,4
143,85,1
143,44,5
143,18,3
143,95,5
144,64,5
144,99,2
144,67,4
144,4,2
144,108,5
144,30,1
144,8,2
144,32,4
144,63,1
144,87,1
144,4,3
144,88,1
144,58,1
145,110,3
145,82,2
145,9,4
145,68,2
145,56,5
145,53,2
145,92,2
145,36,3
145,73,5
145,103,4
146,22,5
146,110,1
146,30,5
146,102,2
146,2,4
146,108,1
146,105,3
146,32,1
146,79,3
146,8,3
146,86,1
147,40,2
147,98,2
147,67,5
147,17,2
147,55,3
147,84,5
147,10,1
147,72,4
147,30,3
147,71,4
147,40,1
147,38,2
147,98,4
148,30,4
148,98,5
148,27,3
148,42,2
148,58,1
148,95,2
148,14,1
148,73,1
149,102,3
149,8,2
149,68,3
149,37,5
149,53,1
149,62,1
149,14,2
149,99,5
149,47,1
149,61,5
149,39,4
150,98,4
150,8,3
150,105,5
150,98,3
150,26,5
150,49,1
150,57,2
150,66,4
150,104,4
150,81,5
150,59,3
150,26,4
150,32,1
151,32,2
151,91,2
151,40,2
151,44,3
151,57,1
151,79,4
152,94,5
152,55,5
152,38,1
152,101,5
152,92,2
152,39,2
152,65,3
152,28,1
152,16,5
152,13,1
152,93,5
152,110,4
152,50,4
152,96,5
153,9,1
153,71,1
153,69,1
153,14,2
153,110,2
153,8,1
153,44,5
153,49,2
153,4,3
153,72,3
153,48,5
153,31,4
153,81,5
153,34,5
154,64,5
154,66,4
154,90,1
154,42,2
154,96,2
154,50,1
154,71,1
154,100,1
154,13,5
155,89,3
155,80,4
155,78,2
155,29,5
155,82,4
155,108,4
155,56,2
155,62,1
155,102,4
155,62,4
155,11,3
155,52,1
155,26,1
155,6,5
156,101,1
156,21,2
156,29,2
156,16,2
156,76,2
156,69,5
156,40,3
156,105,5
156,49,3
156,76,4
156,11,5
156,43,3
157,13,2
157,26,1
157,42,3
157,40,4
157,104,2
157,104,3
157,100,5
157,107,5
157,88,5
158,75,1
158,53,5
158,69,4
158,74,5
158,70,4
158,89,4
158,33,1
158,21,5
158,40,1
158,96,1
158,38,5
158,68,2
159,106,5
159,24,2
159,86,3
159,107,2
159,21,5
159,100,1
159,6,2
159,26,3
159,19,1
159,107,3
160,71,4
160,89,3
160,84,1
160,16,4
160,77,2
160,105,5
160,75,5
160,98,4
160,44,1
160,50,3
160,42,5
160,75,4
161,70,4
161,106,5
161,56,3
161,36,1
161,94,1
161,70,2
162,97,5
162,55,5
162,82,2
162,99,3
162,83,3
163,99,2
163,15,3
163,53,3
163,75,2
163,2,2
163,83,1
164,91,3
164,91,3
164,40,2
164,47,4
164,38,3
164,42,5
164,74,3
164,89,3
164,108,1
164,71,4
164,81,1
164,7,4
165,76,1
165,39,3
165,14,5
165,65,2
165,19,5
165,85,4
165,95,3
165,106,4
166,20,1
166,77,4
166,68,5
166,65,3
166,108,4
167,97,1
167,105,5
167,42,5
167,29,3
167,2,4
167,17,5
167,23,3
167,98,5
168,47,2
168,65,2
168,92,1
168,82,3
168,15,2
168,21,3
168,73,3
168,7,1
168,96,5
168,16,5
168,42,4
169,42,3
169,37,4
169,50,4
169,12,1
169,63,5
169,104,2
169,67,2
170,18,1
170,22,4
170,27,5
170,45,5
170,3,3
170,16,1
170,76,1
171,71,5
171,82,1
171,34,2
171,84,4
171,76,3
171,55,5
171,6,3
171,65,5
171,37,5
171,50,5
171,56,4
172,9,3
172,80,4
172,109,4
172,105,4
172,32,5
172,4,4
172,1,3
172,36,3
172,58,2
172,19,3
172,73,5
172,24,1
172,33,1
173,44,3
173,70,2
173,15,3
173,51,2
173,18,3
173,48,2
173,110,3
173,6,4
173,59,4
173,24,2
173,101,5
173,35,3
173,38,1
173,36,1
174,39,1
174,50,5
174,38,2
174,69,2
174,56,2
174,49,4
174,101,1
174,110,3
175,12,3
175,103,2
175,42,2
175,88,5
175,93,4
175,9,3
175,29,3
175,30,5
175,98,3
175,71,5
175,74,4
175,34,5
175,28,4
175,21,2
176,99,1
176,14,3
176,49,5
176,92,4
176,107,1
176,26,5
176,68,4
176,95,5
176,46,5
176,88,3
176,5,5
176,10,4
176,76,4
176,109,1
176,52,1
177,38,2
177,60,5
177,6,2
177,87,1
177,100,2
177,43,3
178,38,4
178,37,2
178,55,1
178,86,2
178,46,3
178,26,5
178,43,3
178,27,3
178,99,1
178,88,4
178,31,4
178,84,1
179,60,3
179,96,1
179,24,3
179,66,5
179,83,3
179,3,4
179,102,4
179,50,1
180,70,5
180,22,3
180,80,3
180,34,2
180,69,3
180,49,1
180,62,5
180,58,5
180,67,5
180,86,4
180,83,1
180,53,4
180,27,5
180,26,3
181,79,2
181,81,2
181,110,4
181,22,1
181,24,3
181,30,4
181,85,5
181,8,3
181,10,3
181,21,2
181,34,1
181,65,4
181,46,1
181,107,5
182,104,5
182,82,2
182,105,4
182,35,4
182,66,1
182,105,1
182,31,3
183,58,3
183,81,5
183,37,4
183,100,2
183,106,5
183,46,3
183,35,1
184,70,3
184,49,4
184,21,3
184,5,1
184,9,5
184,90,4
185,31,3
185,34,1
185,86,5
185,17,3
185,94,5
185,7,4
185,57,1
185,73,5
185,66,2
185,110,2
185,35,2
185,9,5
186,75,1
186,46,1
186,106,1
186,61,2
186,35,4
186,58,5
186,38,3
187,84,2
187,93,2
187,66,4
187,10,1
187,93,4
187,5,2
187,77,3
187,47,4
187,108,5
187,109,5
187,57,3
187,79,5
187,91,5
188,72,1
188,91,3
188,21,4
188,73,2
188,40,5
188,5,5
188,101,3
188,4,3
188,22,5
188,75,4
188,37,3
188,66,5
188,95,5
189,76,2
189,70,3
189,85,3
189,77,2
189,25,1
189,22,3
189,45,5
189,36,3
189,20,3
189,83,1
189,45,5
189,62,5
189,48,1
189,4,2
190,42,2
190,53,3
190,28,4
190,45,4
190,80,1
190,68,4
190,85,2
190,25,4
191,46,4
191,11,5
191,106,3
191,39,3
191,59,3
192,18,3
192,35,2
192,71,3
192,43,1
192,30,3
192,102,4
192,94,2
192,32,5
192,41,5
192,61,1
192,108,2
193,100,2
193,70,3
193,14,1
193,56,1
193,90,2
193,27,4
193,110,4
194,96,1
194,25,1
194,95,5
194,3,4
194,10,1
194,17,2
195,8,4
195,50,3
195,79,2
195,60,1
195,54,1
195,107,2
195,82,5
195,1,4
196,60,5
196,23,1
196,66,3
196,90,5
196,65,3
196,11,3
196,104,3
196,25,3
196,105,3
196,30,4
196,82,2
196,49,1
196,89,3
196,110,5
197,71,3
197,68,5
197,61,5
197,109,2
197,65,3
197,98,5
197,7,1
197,34,3
197,8,5
197,46,4
198,16,5
198,12,2
198,42,3
198,36,2
198,100,3
198,36,2
198,91,2
198,52,1
198,84,5
198,42,3
198,107,1
198,1,3
199,71,2
199,34,4
199,64,1
199,82,1
199,85,3
199,8,1
200,69,2
200,22,3
200,102,4
200,71,1
200,17,1
200,101,5
200,33,2
201,59,5
201,109,1
201,9,4
201,64,4
201,20,2
201,81,1
201,35,4
202,93,3
202,101,4
202,69,3
202,8,3
202,10,4
202,56,2
202,54,2
203,18,4
203,60,5
203,22,1
203,44,1
203,109,1
203,62,2
203,58,2
203,15,3
203,35,3
203,64,2
203,41,5
203,56,2
203,80,5
203,73,4
204,18,3
204,106,4
204,98,4
204,33,3
204,46,2
205,69,5
205,39,4
205,58,5
205,73,3
205,23,4
205,82,5
205,109,5
205,21,1
205,50,1
205,84,4
205,95,5
205,94,4
205,26,4
206,31,1
206,75,5
206,44,3
206,92,4
206,29,1
206,63,5
206,68,1
206,80,5
206,73,4
206,48,3
207,28,4
207,97,5
207,58,3
207,45,1
207,11,2
207,24,2
207,91,3
207,36,4
207,72,1
207,6,5
207,109,1
207,67,5
208,49,1
208,44,3
208,81,1
208,76,3
208,72,2
209,14,1
209,109,4
209,40,3
209,75,2
209,37,2
209,52,3
209,102,4
209,45,1
209,90,5
209,2,5
209,39,1
209,2,2
210,95,5
210,62,1
210,11,4
210,99,4
210,62,3
210,107,1
210,70,1
210,100,1
210,5,5
211,27,4
211,56,5
211,34,4
211,109,4
211,103,5
211,10,3
211,45,5
211,84,2
211,110,1
211,16,2
211,38,1
211,27,4
211,14,2
211,1,3
212,4,2
212,37,2
212,102,2
212,30,3
212,2,3
212,60,4
212,63,4
212,21,1
212,52,5
212,82,5
212,109,3
212,36,2
212,61,2
212,41,4
213,7,4
213,29,1
213,11,4
213,37,2
213,44,2
213,2,1
213,26,2
213,93,5
214,109,1
214,87,4
214,7,1
214,18,2
214,32,1
214,108,4
214,10,5
214,37,3
214,68,4
214,35,3
214,25,3
214,7,1
214,66,2
214,77,4
215,67,1
215,9,4
215,55,5
215,61,2
215,22,1
215,12,3
215,13,3
216,14,2
216,87,3
216,11,5
216,95,5
216,108,3
216,103,4
216,4,4
216,72,3
216,87,4
217,79,4
217,81,3
217,35,4
217,67,3
217,102,2
217,20,1
217,77,2
217,5,1
217,110,1
217,26,2
218,80,2
218,55,1
218,45,1
218,3,1
218,90,2
218,70,3
218,43,3
218,29,2
218,76,1
219,95,2
219,53,1
219,78,4
219,28,1
219,34,1
219,105,5
219,37,5
219,46,2
220,62,3
220,51,2
220,11,3
220,95,5
220,102,3
220,89,4
220,21,4
220,10,3
220,81,3
220,26,3
221,73,4
221,18,4
221,109,4
221,10,2
221,69,4
221,3,4
221,98,5
222,15,3
222,14,4
222,25,3
222,86,2
222,23,3
222,93,3
222,70,1
222,60,3
222,100,5
223,42,4
223,7,1
223,76,3
223,72,4
223,88,4
223,40,2
223,29,5
223,60,1
223,18,3
223,88,3
223,7,3
223,88,1
224,24,5
224,8,4
224,60,4
224,96,5
224,92,4
224,85,1
224,9,4
224,17,3
224,98,1
224,4,5
224,47,4
224,17,1
225,104,5
225,25,1
225,28,2
225,37,1
225,38,5
225,30,2
225,21,2
225,33,1
225,47,2
225,7,4
225,87,4
225,10,4
225,27,4
226,39,1
226,103,4
226,60,2
226,8,4
226,8,2
226,93,2
226,2,1
226,99,5
226,63,1
226,97,1
226,29,4
226,40,4
226,33,4
226,64,3
227,14,1
227,15,4
227,60,3
227,21,3
227,57,4
227,50,4
228,52,3
228,82,1
228,2,2
228,11,4
228,3,5
228,69,5
229,80,3
229,108,1
229,26,3
229,10,3
229,88,4
229,91,3
229,51,1
230,108,1
230,80,2
230,60,4
230,92,4
230,104,4
230,76,3
230,76,1
230,1,1
230,81,2
230,43,3
230,109,4
231,106,5
231,52,1
231,7,2
231,40,5
231,50,1
231,44,2
231,59,5
231,32,3
231,13,3
231,2,5
231,81,3
231,103,1
231,33,3
232,88,3
232,28,2
232,72,2
232,30,1
232,36,2
232,12,5
232,60,3
232,22,5
232,81,4
233,24,3
233,80,5
233,5,5
233,63,1
233,81,4
233,85,1
234,10,2
234,41,5
234,43,3
234,67,4
234,12,1
234,93,3
234,81,1
234,107,1
235,31,3
235,21,4
235,76,1
235,28,1
235,5,2
235,41,3
235,56,2
235,110,1
235,39,2
235,17,4
235,22,5
235,46,1
236,73,4
236,82,2
236,77,5
236,67,5
236,70,3
236,60,4
236,53,4
236,104,2
236,52,3
237,102,1
237,19,2
237,13,1
237,59,4
237,60,5
237,82,4
237,50,3
237,32,2
237,75,2
237,62,5
237,52,1
237,22,2
238,73,4
238,13,2
238,62,4
238,71,5
238,107,4
238,79,4
238,69,2
239,32,4
239,75,4
239,25,4
239,71,4
239,58,1
239,36,3
239,45,4
239,58,5
239,3,1
239,92,2
239,86,4
239,89,2
239,36,4
239,56,2
240,75,1
240,55,5
240,94,4
240,40,5
240,21,3
240,66,3
240,40,1
240,71,4
241,47,4
241,13,4
241,34,5
241,108,1
241,1,4
241,103,3
241,26,5
241,66,5
241,72,1
241,85,4
241,21,2
242,33,4
242,68,2
242,73,4
242,48,2
242,76,1
242,75,4
242,75,4
242,86,5
242,57,4
242,9,2
242,104,1
242,107,4
242,7,5
242,60,4
243,2,4
243,43,2
243,109,2
243,54,1
243,85,2
243,2,4
243,40,5
243,106,5
243,42,1
244,69,3
244,13,3
244,46,3
244,21,2
244,97,1
244,87,3
244,89,5
244,33,3
244,88,3
244,63,1
244,33,4
244,105,5
245,80,4
245,43,2
245,53,5
245,93,5
245,101,3
245,16,3
245,35,3
245,100,1
246,47,5
246,107,1
246,18,2
246,82,5
246,94,5
246,23,1
246,36,1
247,79,2
247,41,1
247,1,4
247,104,1
247,52,2
247,52,4
247,53,1
247,35,2
247,93,1
247,62,5
247,21,2
248,13,5
248,36,5
248,76,5
248,43,1
248,28,5
248,100,1
248,62,4
248,69,1
248,60,3
248,43,1
248,5,5
248,71,3
249,2,2
249,46,2
249,15,4
249,15,4
249,62,2
249,32,3
249,52,2
249,52,5
249,29,3
249,9,3
250,57,3
250,98,1
250,32,1
250,20,2
250,66,2
250,81,4
251,80,2
251,23,3
251,70,4
251,77,4
251,13,4
251,13,2
251,96,2
251,107,1
251,71,3
251,56,3
251,76,3
251,61,2
251,99,1
251,107,5
252,70,5
252,79,2
252,72,1
252,86,1
252,108,3
252,14,5
252,109,3
252,89,5
252,38,1
252,15,5
252,16,1
253,109,4
253,25,5
253,99,4
253,84,4
253,98,5
253,28,2
253,81,3
253,37,5
254,41,5
254,103,1
254,63,4
254,13,3
254,13,4
254,106,1
254,62,4
254,105,1
254,83,5
254,13,5
255,78,5
255,42,5
255,99,4
255,19,4
255,93,5
255,99,4
255,34,5
255,100,3
255,16,2
255,106,2
255,80,5
256,30,5
256,12,1
256,42,4
256,71,2
256,88,4
256,71,1
256,21,2
256,65,1
257,83,2
257,22,4
257,19,1
257,45,5
257,83,2
258,88,3
258,105,3
258,63,2
258,20,4
258,60,5
258,94,1
258,107,1
258,56,1
258,104,3
258,108,3
258,2,1
258,75,2
258,45,4
259,35,5
259,48,3
259,32,4
259,107,1
259,6,1
259,57,2
259,19,1
259,59,4
259,51,2
259,2,3
259,28,4
259,82,2
259,87,3
259,86,1
259,11,2
260,46,3
260,44,3
260,100,4
260,102,3
260,21,5
260,53,2
260,68,4
260,79,4
260,65,3
260,99,5
260,35,4
260,29,3
260,30,5
260,63,2
261,108,3
261,46,3
261,2,5
261,64,5
261,94,3
261,85,5
261,1,3
261,45,4
262,25,1
262,19,2
262,64,4
262,53,2
262,50,4
262,37,1
262,45,5
262,15,1
262,5,5
262,67,3
262,15,5
263,20,3
263,11,3
263,109,3
263,58,2
263,12,5
263,89,2
263,83,2
263,83,3
263,102,3
263,73,5
263,80,1
263,40,5
263,60,5
263,90,5
263,26,5
264,76,2
264,88,5
264,94,1
264,69,4
264,32,1
264,90,1
264,105,2
264,28,1
264,11,4
264,41,1
264,75,2
264,41,1
265,15,4
265,17,1
265,42,2
265,43,3
265,82,4
265,55,2
265,100,1
266,70,1
266,94,2
266,69,3
266,63,3
266,26,5
267,34,4
267,62,4
267,81,1
267,23,2
267,77,2
267,103,4
268,48,5
268,37,1
268,14,1
268,42,2
268,6,4
268,95,5
268,72,5
268,30,5
268,54,3
268,23,3
269,91,4
269,18,3
269,27,3
269,5,4
269,31,4
269,71,4
270,74,3
270,65,2
270,3,4
270,70,2
270,62,2
270,60,3
270,75,5
270,23,3
270,70,4
271,97,5
271,99,4
271,96,5
271,102,2
271,94,5
271,32,3
271,42,5
271,55,4
271,21,2
271,65,4
271,31,1
272,21,2
272,26,4
272,94,2
272,32,4
272,1,3
272,104,2
272,27,5
272,10,4
272,108,2
272,94,4
272,81,3
272,97,5
273,23,5
273,1,4
273,33,1
273,106,1
273,7,4
273,91,3
273,80,1
273,84,5
273,6,3
274,63,3
274,30,5
274,84,5
274,60,2
274,79,4
274,10,3
274,31,4
274,24,4
275,68,4
275,69,2
275,51,1
275,3,5
275,53,1
275,103,3
275,82,5
275,43,4
275,97,5
275,105,2
275,33,1
275,27,1
275,97,5
275,73,3
275,17,2
276,29,5
276,38,4
276,37,1
276,94,5
276,74,5
276,51,3
277,45,4
277,65,3
277,61,2
277,99,5
277,32,2
277,62,1
277,38,2
277,67,1
277,55,3
278,92,2
278,52,1
278,44,2
278,53,2
278,5,5
278,46,4
278,14,3
278,57,1
278,70,1
279,31,4
279,62,2
279,85,1
279,77,2
279,71,3
279,46,2
279,41,1
279,106,3
279,104,2
280,75,1
280,54,1
280,5,5
280,71,3
280,109,5
280,51,5
280,68,3
280,48,1
280,34,1
280,104,2
280,85,2
280,31,4
280,36,2
280,102,5
281,55,4
281,77,5
281,88,3
281,47,5
281,71,5
281,46,2
281,47,3
281,64,3
281,29,2
282,60,3
282,52,2
282,6,5
282,41,2
282,15,5
282,53,2
282,92,5
282,49,5
283,45,3
283,46,2
283,97,1
283,70,4
283,109,5
284,56,2
284,22,4
284,19,3
284,38,5
284,13,1
284,41,3
285,25,5
285,15,5
285,68,2
285,105,5
285,15,3
285,95,1
285,10,4
285,75,4
285,57,4
285,66,2
285,42,2
285,19,5
285,107,4
285,6,4
286,44,4
286,78,2
286,74,4
286,57,4
286,7,4
286,10,2
286,44,3
286,67,4
286,60,1
286,30,3
287,43,3
287,72,5
287,2,1
287,90,4
287,26,1
287,74,5
287,41,5
287,76,4
287,11,1
288,30,3
288,13,1
288,48,4
288,21,1
288,23,2
288,101,4
288,34,4
288,88,1
288,95,5
289,5,4
289,51,3
289,79,4
289,65,1
289,99,1
290,87,4
290,94,5
290,69,2
290,16,4
290,23,4
290,82,3
290,32,3
290,90,3
290,15,2
290,60,3
291,53,4
291,62,3
291,110,3
291,91,1
291,21,1
291,56,1
292,83,3
292,10,2
292,92,1
292,74,1
292,26,1
292,91,5
292,35,2
292,64,1
292,32,5
292,24,3
293,108,2
293,54,4
293,42,1
293,2,3
293,102,2
293,10,1
293,74,4
293,82,5
293,73,5
293,76,1
293,96,4
294,37,5
294,22,4
294,69,1
294,1,2
294,57,4
294,104,4
294,56,2
294,11,4
294,85,1
294,101,1
294,99,5
294,83,2
294,69,1
294,21,2
294,27,3
295,2,3
295,42,5
295,102,1
295,7,2
295,53,5
295,80,5
295,103,4
295,19,3
295,79,2
296,94,5
296,16,4
296,108,4
296,73,3
296,38,3
296,36,4
296,13,1
296,8,3
296,48,1
296,80,1
296,91,5
297,70,1
297,4,2
297,110,4
297,20,4
297,52,2
297,104,1
297,100,1
297,106,1
298,65,1
298,93,2
298,48,1
298,22,5
298,73,2
299,40,4
299,92,2
299,103,5
299,43,5
299,82,1
299,56,1
299,81,5
299,5,4
299,11,4
299,44,5
299,74,1
299,6,3
299,17,2
300,93,5
300,33,5
300,71,3
300,23,5
300,98,4
300,43,3
300,28,2
