pedido_id,usuario_id,detalle_pedido,fecha_hora,estado
1,1,"[2, 34, 12]",2022-01-01 10:00:00,completado
2,1,"[64, 51]",2022-01-01 10:00:00,completado
3,1,[101],2022-01-01 10:00:00,completado
4,2,[5],2022-01-01 10:00:00,completado
5,3,"[37, 40, 63]",2022-01-01 10:00:00,completado
6,3,"[56, 48, 45]",2022-01-01 10:00:00,completado
7,3,[62],2022-01-01 10:00:00,completado
8,3,[100],2022-01-01 10:00:00,completado
9,3,[91],2022-01-01 10:00:00,completado
10,4,"[34, 10, 80]",2022-01-01 10:00:00,completado
11,4,[1],2022-01-01 10:00:00,completado
12,4,"[20, 78, 6]",2022-01-01 10:00:00,completado
13,4,[76],2022-01-01 10:00:00,completado
14,5,[5],2022-01-01 10:00:00,completado
15,5,[12],2022-01-01 10:00:00,completado
16,5,"[28, 33]",2022-01-01 10:00:00,completado
17,6,"[53, 30, 23]",2022-01-01 10:00:00,completado
18,6,"[8, 102]",2022-01-01 10:00:00,completado
19,6,"[21, 31]",2022-01-01 10:00:00,completado
20,7,"[37, 103, 92]",2022-01-01 10:00:00,completado
21,7,[90],2022-01-01 10:00:00,completado
22,7,"[43, 31]",2022-01-01 10:00:00,completado
23,8,"[40, 82, 26]",2022-01-01 10:00:00,completado
24,9,"[31, 34, 83]",2022-01-01 10:00:00,completado
25,9,"[40, 104, 88]",2022-01-01 10:00:00,completado
26,10,"[83, 6, 52]",2022-01-01 10:00:00,completado
27,11,"[89, 12, 11]",2022-01-01 10:00:00,completado
28,11,[70],2022-01-01 10:00:00,completado
29,11,"[55, 3]",2022-01-01 10:00:00,completado
30,11,"[108, 80, 75]",2022-01-01 10:00:00,completado
31,11,"[103, 77, 105]",2022-01-01 10:00:00,completado
32,12,[32],2022-01-01 10:00:00,completado
33,12,"[64, 65, 69]",2022-01-01 10:00:00,completado
34,12,"[66, 79, 94]",2022-01-01 10:00:00,completado
35,13,"[16, 80]",2022-01-01 10:00:00,completado
36,13,"[73, 45, 2]",2022-01-01 10:00:00,completado
37,14,"[26, 43]",2022-01-01 10:00:00,completado
38,14,"[58, 63, 80]",2022-01-01 10:00:00,completado
39,14,"[30, 68, 88]",2022-01-01 10:00:00,completado
40,14,"[104, 105, 4]",2022-01-01 10:00:00,completado
41,14,[104],2022-01-01 10:00:00,completado
42,15,[78],2022-01-01 10:00:00,completado
43,15,[55],2022-01-01 10:00:00,completado
44,15,"[99, 105, 16]",2022-01-01 10:00:00,completado
45,16,"[52, 57]",2022-01-01 10:00:00,completado
46,16,[43],2022-01-01 10:00:00,completado
47,16,"[103, 52]",2022-01-01 10:00:00,completado
48,17,"[47, 61]",2022-01-01 10:00:00,completado
49,17,"[59, 88, 74]",2022-01-01 10:00:00,completado
50,17,[15],2022-01-01 10:00:00,completado
51,17,"[53, 106, 64]",2022-01-01 10:00:00,completado
52,17,[90],2022-01-01 10:00:00,completado
53,18,"[75, 45]",2022-01-01 10:00:00,completado
54,18,"[73, 5]",2022-01-01 10:00:00,completado
55,19,"[47, 7]",2022-01-01 10:00:00,completado
56,19,"[48, 17]",2022-01-01 10:00:00,completado
57,19,[75],2022-01-01 10:00:00,completado
58,19,[37],2022-01-01 10:00:00,completado
59,20,[27],2022-01-01 10:00:00,completado
60,21,"[42, 72]",2022-01-01 10:00:00,completado
61,21,"[89, 83, 85]",2022-01-01 10:00:00,completado
62,22,[41],2022-01-01 10:00:00,completado
63,23,[68],2022-01-01 10:00:00,completado
64,23,"[81, 104]",2022-01-01 10:00:00,completado
65,23,[65],2022-01-01 10:00:00,completado
66,23,"[78, 14]",2022-01-01 10:00:00,completado
67,24,[27],2022-01-01 10:00:00,completado
68,24,"[12, 108, 15]",2022-01-01 10:00:00,completado
69,24,"[66, 90]",2022-01-01 10:00:00,completado
70,25,[37],2022-01-01 10:00:00,completado
71,25,"[73, 11]",2022-01-01 10:00:00,completado
72,25,"[46, 32, 105]",2022-01-01 10:00:00,completado
73,26,"[17, 87, 101]",2022-01-01 10:00:00,completado
74,27,[97],2022-01-01 10:00:00,completado
75,27,"[104, 23]",2022-01-01 10:00:00,completado
76,28,[87],2022-01-01 10:00:00,completado
77,28,[17],2022-01-01 10:00:00,completado
78,29,"[11, 3, 60]",2022-01-01 10:00:00,completado
79,29,[20],2022-01-01 10:00:00,completado
80,29,[21],2022-01-01 10:00:00,completado
81,29,[101],2022-01-01 10:00:00,completado
82,30,"[41, 37]",2022-01-01 10:00:00,completado
83,30,"[69, 56, 47]",2022-01-01 10:00:00,completado
84,31,"[30, 73]",2022-01-01 10:00:00,completado
85,32,[105],2022-01-01 10:00:00,completado
86,32,[21],2022-01-01 10:00:00,completado
87,32,"[21, 97, 52]",2022-01-01 10:00:00,completado
88,33,"[102, 43]",2022-01-01 10:00:00,completado
89,33,[94],2022-01-01 10:00:00,completado
90,33,"[82, 30]",2022-01-01 10:00:00,completado
91,33,[3],2022-01-01 10:00:00,completado
92,33,"[2, 89]",2022-01-01 10:00:00,completado
93,34,"[24, 94]",2022-01-01 10:00:00,completado
94,34,"[101, 74]",2022-01-01 10:00:00,completado
95,34,[11],2022-01-01 10:00:00,completado
96,34,"[2, 18, 92]",2022-01-01 10:00:00,completado
97,34,"[1, 58]",2022-01-01 10:00:00,completado
98,35,[7],2022-01-01 10:00:00,completado
99,35,"[74, 60]",2022-01-01 10:00:00,completado
100,35,[13],2022-01-01 10:00:00,completado
101,35,[60],2022-01-01 10:00:00,completado
102,36,[91],2022-01-01 10:00:00,completado
103,36,"[62, 18]",2022-01-01 10:00:00,completado
104,37,[43],2022-01-01 10:00:00,completado
105,37,"[62, 86, 10]",2022-01-01 10:00:00,completado
106,37,"[80, 94]",2022-01-01 10:00:00,completado
107,37,"[102, 27, 82]",2022-01-01 10:00:00,completado
108,37,"[70, 86, 91]",2022-01-01 10:00:00,completado
109,38,"[30, 102, 61]",2022-01-01 10:00:00,completado
110,38,[72],2022-01-01 10:00:00,completado
111,38,"[67, 43]",2022-01-01 10:00:00,completado
112,38,"[63, 32, 3]",2022-01-01 10:00:00,completado
113,38,"[92, 62, 74]",2022-01-01 10:00:00,completado
114,39,"[86, 3, 82]",2022-01-01 10:00:00,completado
115,39,"[108, 106]",2022-01-01 10:00:00,completado
116,39,"[63, 87]",2022-01-01 10:00:00,completado
117,40,[71],2022-01-01 10:00:00,completado
118,41,"[31, 80]",2022-01-01 10:00:00,completado
119,42,"[74, 93, 31]",2022-01-01 10:00:00,completado
120,42,[89],2022-01-01 10:00:00,completado
121,43,"[57, 63, 36]",2022-01-01 10:00:00,completado
122,43,"[89, 11]",2022-01-01 10:00:00,completado
123,44,"[18, 59, 69]",2022-01-01 10:00:00,completado
124,44,"[41, 88, 95]",2022-01-01 10:00:00,completado
125,44,[107],2022-01-01 10:00:00,completado
126,44,[103],2022-01-01 10:00:00,completado
127,44,[61],2022-01-01 10:00:00,completado
128,45,[88],2022-01-01 10:00:00,completado
129,45,"[64, 4]",2022-01-01 10:00:00,completado
130,46,"[46, 82]",2022-01-01 10:00:00,completado
131,46,"[106, 88]",2022-01-01 10:00:00,completado
132,47,"[8, 7]",2022-01-01 10:00:00,completado
133,47,[47],2022-01-01 10:00:00,completado
134,47,[22],2022-01-01 10:00:00,completado
135,47,"[90, 76]",2022-01-01 10:00:00,completado
136,48,"[33, 75]",2022-01-01 10:00:00,completado
137,49,"[63, 58]",2022-01-01 10:00:00,completado
138,49,[108],2022-01-01 10:00:00,completado
139,49,"[19, 96]",2022-01-01 10:00:00,completado
140,50,"[79, 103]",2022-01-01 10:00:00,completado
141,50,"[22, 45, 72]",2022-01-01 10:00:00,completado
142,50,"[25, 101]",2022-01-01 10:00:00,completado
143,51,"[54, 110]",2022-01-01 10:00:00,completado
144,51,"[36, 6, 89]",2022-01-01 10:00:00,completado
145,51,"[62, 106, 44]",2022-01-01 10:00:00,completado
146,51,"[17, 93, 47]",2022-01-01 10:00:00,completado
147,51,"[44, 53]",2022-01-01 10:00:00,completado
148,52,"[97, 87, 105]",2022-01-01 10:00:00,completado
149,52,[81],2022-01-01 10:00:00,completado
150,53,"[96, 17, 85]",2022-01-01 10:00:00,completado
151,54,[94],2022-01-01 10:00:00,completado
152,54,[13],2022-01-01 10:00:00,completado
153,54,[33],2022-01-01 10:00:00,completado
154,54,"[38, 87]",2022-01-01 10:00:00,completado
155,54,"[48, 44, 46]",2022-01-01 10:00:00,completado
156,55,"[31, 32, 20]",2022-01-01 10:00:00,completado
157,55,"[27, 56, 19]",2022-01-01 10:00:00,completado
158,55,[99],2022-01-01 10:00:00,completado
159,56,"[105, 29, 57]",2022-01-01 10:00:00,completado
160,56,[77],2022-01-01 10:00:00,completado
161,57,"[61, 86, 22]",2022-01-01 10:00:00,completado
162,58,"[22, 74, 108]",2022-01-01 10:00:00,completado
163,59,"[33, 35, 56]",2022-01-01 10:00:00,completado
164,59,[72],2022-01-01 10:00:00,completado
165,59,[72],2022-01-01 10:00:00,completado
166,59,"[27, 80]",2022-01-01 10:00:00,completado
167,60,"[99, 75]",2022-01-01 10:00:00,completado
168,61,[82],2022-01-01 10:00:00,completado
169,61,[19],2022-01-01 10:00:00,completado
170,61,"[82, 20]",2022-01-01 10:00:00,completado
171,61,[79],2022-01-01 10:00:00,completado
172,61,"[67, 55]",2022-01-01 10:00:00,completado
173,62,"[59, 7]",2022-01-01 10:00:00,completado
174,63,"[86, 52]",2022-01-01 10:00:00,completado
175,63,"[110, 14]",2022-01-01 10:00:00,completado
176,63,"[58, 30]",2022-01-01 10:00:00,completado
177,63,[47],2022-01-01 10:00:00,completado
178,63,"[9, 92]",2022-01-01 10:00:00,completado
179,64,"[4, 66]",2022-01-01 10:00:00,completado
180,64,"[59, 4, 32]",2022-01-01 10:00:00,completado
181,64,[15],2022-01-01 10:00:00,completado
182,64,[45],2022-01-01 10:00:00,completado
183,64,"[47, 7, 25]",2022-01-01 10:00:00,completado
184,65,"[3, 81, 18]",2022-01-01 10:00:00,completado
185,65,"[43, 4]",2022-01-01 10:00:00,completado
186,65,[72],2022-01-01 10:00:00,completado
187,66,"[109, 106, 93]",2022-01-01 10:00:00,completado
188,66,[38],2022-01-01 10:00:00,completado
189,66,[62],2022-01-01 10:00:00,completado
190,66,"[99, 55]",2022-01-01 10:00:00,completado
191,66,"[68, 49]",2022-01-01 10:00:00,completado
192,67,"[108, 34, 15]",2022-01-01 10:00:00,completado
193,68,"[22, 69, 92]",2022-01-01 10:00:00,completado
194,68,"[109, 83]",2022-01-01 10:00:00,completado
195,69,"[64, 58, 23]",2022-01-01 10:00:00,completado
196,69,"[54, 11]",2022-01-01 10:00:00,completado
197,70,[32],2022-01-01 10:00:00,completado
198,71,[23],2022-01-01 10:00:00,completado
199,71,"[65, 50, 77]",2022-01-01 10:00:00,completado
200,71,[92],2022-01-01 10:00:00,completado
201,72,"[6, 96, 41]",2022-01-01 10:00:00,completado
202,72,"[47, 104, 4]",2022-01-01 10:00:00,completado
203,72,[98],2022-01-01 10:00:00,completado
204,72,"[11, 72]",2022-01-01 10:00:00,completado
205,72,"[104, 6, 40]",2022-01-01 10:00:00,completado
206,73,[83],2022-01-01 10:00:00,completado
207,73,"[91, 22]",2022-01-01 10:00:00,completado
208,73,"[24, 92]",2022-01-01 10:00:00,completado
209,73,"[81, 11, 12]",2022-01-01 10:00:00,completado
210,73,"[37, 21, 11]",2022-01-01 10:00:00,completado
211,74,[80],2022-01-01 10:00:00,completado
212,74,"[91, 102, 42]",2022-01-01 10:00:00,completado
213,74,[2],2022-01-01 10:00:00,completado
214,74,"[30, 53, 1]",2022-01-01 10:00:00,completado
215,74,"[95, 57, 96]",2022-01-01 10:00:00,completado
216,75,"[100, 84]",2022-01-01 10:00:00,completado
217,75,"[59, 18]",2022-01-01 10:00:00,completado
218,75,[23],2022-01-01 10:00:00,completado
219,75,"[42, 1, 54]",2022-01-01 10:00:00,completado
220,76,[88],2022-01-01 10:00:00,completado
221,76,"[29, 62]",2022-01-01 10:00:00,completado
222,76,"[60, 40, 106]",2022-01-01 10:00:00,completado
223,76,"[92, 46]",2022-01-01 10:00:00,completado
224,77,[23],2022-01-01 10:00:00,completado
225,77,"[41, 110]",2022-01-01 10:00:00,completado
226,77,"[11, 39, 38]",2022-01-01 10:00:00,completado
227,78,[31],2022-01-01 10:00:00,completado
228,78,"[23, 42, 7]",2022-01-01 10:00:00,completado
229,78,"[27, 104, 87]",2022-01-01 10:00:00,completado
230,79,"[48, 50]",2022-01-01 10:00:00,completado
231,80,"[2, 72, 9]",2022-01-01 10:00:00,completado
232,80,"[27, 62]",2022-01-01 10:00:00,completado
233,81,[104],2022-01-01 10:00:00,completado
234,82,"[94, 29]",2022-01-01 10:00:00,completado
235,82,[92],2022-01-01 10:00:00,completado
236,82,"[72, 13, 20]",2022-01-01 10:00:00,completado
237,82,"[90, 63]",2022-01-01 10:00:00,completado
238,83,"[77, 106]",2022-01-01 10:00:00,completado
239,83,"[17, 42]",2022-01-01 10:00:00,completado
240,84,"[27, 28, 55]",2022-01-01 10:00:00,completado
241,84,"[22, 44]",2022-01-01 10:00:00,completado
242,85,"[99, 94]",2022-01-01 10:00:00,completado
243,85,"[109, 85, 110]",2022-01-01 10:00:00,completado
244,85,"[60, 62]",2022-01-01 10:00:00,completado
245,85,"[86, 23]",2022-01-01 10:00:00,completado
246,86,"[33, 85]",2022-01-01 10:00:00,completado
247,87,"[99, 107]",2022-01-01 10:00:00,completado
248,87,"[96, 84]",2022-01-01 10:00:00,completado
249,88,"[85, 79]",2022-01-01 10:00:00,completado
250,88,"[97, 22, 77]",2022-01-01 10:00:00,completado
251,88,[101],2022-01-01 10:00:00,completado
252,88,"[47, 80]",2022-01-01 10:00:00,completado
253,88,"[59, 44]",2022-01-01 10:00:00,completado
254,89,"[34, 11]",2022-01-01 10:00:00,completado
255,90,"[107, 75]",2022-01-01 10:00:00,completado
256,90,"[7, 102, 26]",2022-01-01 10:00:00,completado
257,90,"[72, 78, 8]",2022-01-01 10:00:00,completado
258,91,[80],2022-01-01 10:00:00,completado
259,91,"[106, 70, 83]",2022-01-01 10:00:00,completado
260,92,"[79, 61]",2022-01-01 10:00:00,completado
261,92,"[97, 13, 106]",2022-01-01 10:00:00,completado
262,92,[8],2022-01-01 10:00:00,completado
263,93,"[8, 74, 72]",2022-01-01 10:00:00,completado
264,94,"[72, 75]",2022-01-01 10:00:00,completado
265,94,"[86, 21, 9]",2022-01-01 10:00:00,completado
266,94,"[14, 41, 62]",2022-01-01 10:00:00,completado
267,94,"[59, 88]",2022-01-01 10:00:00,completado
268,94,"[15, 11, 1]",2022-01-01 10:00:00,completado
269,95,"[24, 64, 14]",2022-01-01 10:00:00,completado
270,95,"[39, 78, 21]",2022-01-01 10:00:00,completado
271,96,"[100, 17, 35]",2022-01-01 10:00:00,completado
272,97,[61],2022-01-01 10:00:00,completado
273,97,"[87, 72]",2022-01-01 10:00:00,completado
274,97,[98],2022-01-01 10:00:00,completado
275,98,"[15, 30]",2022-01-01 10:00:00,completado
276,98,[33],2022-01-01 10:00:00,completado
277,98,"[18, 5]",2022-01-01 10:00:00,completado
278,98,[98],2022-01-01 10:00:00,completado
279,98,[40],2022-01-01 10:00:00,completado
280,99,"[12, 6, 41]",2022-01-01 10:00:00,completado
281,99,[102],2022-01-01 10:00:00,completado
282,99,"[67, 3]",2022-01-01 10:00:00,completado
283,100,"[85, 38]",2022-01-01 10:00:00,completado
284,100,"[88, 109, 92]",2022-01-01 10:00:00,completado
285,100,[22],2022-01-01 10:00:00,completado
286,100,"[80, 105, 22]",2022-01-01 10:00:00,completado
287,101,"[17, 53]",2022-01-01 10:00:00,completado
288,101,"[16, 25, 27]",2022-01-01 10:00:00,completado
289,101,"[13, 4]",2022-01-01 10:00:00,completado
290,101,"[34, 36]",2022-01-01 10:00:00,completado
291,101,"[48, 85, 102]",2022-01-01 10:00:00,completado
292,102,"[72, 24, 51]",2022-01-01 10:00:00,completado
293,103,[75],2022-01-01 10:00:00,completado
294,103,"[98, 16]",2022-01-01 10:00:00,completado
295,103,"[65, 16, 29]",2022-01-01 10:00:00,completado
296,103,"[26, 88, 61]",2022-01-01 10:00:00,completado
297,104,"[107, 26]",2022-01-01 10:00:00,completado
298,105,"[50, 36]",2022-01-01 10:00:00,completado
299,105,"[42, 109, 86]",2022-01-01 10:00:00,completado
300,106,[7],2022-01-01 10:00:00,completado
301,106,"[5, 50]",2022-01-01 10:00:00,completado
302,106,"[57, 6]",2022-01-01 10:00:00,completado
303,106,"[4, 50, 103]",2022-01-01 10:00:00,completado
304,107,"[26, 59]",2022-01-01 10:00:00,completado
305,107,"[18, 3]",2022-01-01 10:00:00,completado
306,107,"[91, 34, 18]",2022-01-01 10:00:00,completado
307,108,"[19, 86, 4]",2022-01-01 10:00:00,completado
308,108,"[59, 61, 72]",2022-01-01 10:00:00,completado
309,108,"[98, 80, 92]",2022-01-01 10:00:00,completado
310,108,"[13, 41, 70]",2022-01-01 10:00:00,completado
311,109,[59],2022-01-01 10:00:00,completado
312,109,"[53, 89, 71]",2022-01-01 10:00:00,completado
313,109,"[28, 67]",2022-01-01 10:00:00,completado
314,109,"[28, 16]",2022-01-01 10:00:00,completado
315,109,[68],2022-01-01 10:00:00,completado
316,110,"[39, 21, 66]",2022-01-01 10:00:00,completado
317,110,"[85, 91, 31]",2022-01-01 10:00:00,completado
318,110,"[102, 54, 84]",2022-01-01 10:00:00,completado
319,110,"[96, 64]",2022-01-01 10:00:00,completado
320,110,"[4, 83, 94]",2022-01-01 10:00:00,completado
321,111,"[3, 14]",2022-01-01 10:00:00,completado
322,111,"[107, 62]",2022-01-01 10:00:00,completado
323,111,[27],2022-01-01 10:00:00,completado
324,112,"[21, 89]",2022-01-01 10:00:00,completado
325,112,[69],2022-01-01 10:00:00,completado
326,112,[72],2022-01-01 10:00:00,completado
327,112,"[41, 96]",2022-01-01 10:00:00,completado
328,112,"[20, 63, 75]",2022-01-01 10:00:00,completado
329,113,[95],2022-01-01 10:00:00,completado
330,113,"[93, 90]",2022-01-01 10:00:00,completado
331,114,[47],2022-01-01 10:00:00,completado
332,114,[74],2022-01-01 10:00:00,completado
333,114,"[18, 7, 92]",2022-01-01 10:00:00,completado
334,114,"[72, 47, 21]",2022-01-01 10:00:00,completado
335,114,[2],2022-01-01 10:00:00,completado
336,115,[50],2022-01-01 10:00:00,completado
337,116,"[69, 89, 22]",2022-01-01 10:00:00,completado
338,116,[64],2022-01-01 10:00:00,completado
339,117,[101],2022-01-01 10:00:00,completado
340,118,[61],2022-01-01 10:00:00,completado
341,118,"[7, 79, 33]",2022-01-01 10:00:00,completado
342,118,[46],2022-01-01 10:00:00,completado
343,118,[82],2022-01-01 10:00:00,completado
344,118,"[109, 45, 93]",2022-01-01 10:00:00,completado
345,119,"[93, 26]",2022-01-01 10:00:00,completado
346,119,[71],2022-01-01 10:00:00,completado
347,119,[32],2022-01-01 10:00:00,completado
348,120,[11],2022-01-01 10:00:00,completado
349,120,"[6, 37, 87]",2022-01-01 10:00:00,completado
350,120,[1],2022-01-01 10:00:00,completado
351,120,[53],2022-01-01 10:00:00,completado
352,120,"[41, 61, 77]",2022-01-01 10:00:00,completado
353,121,"[35, 48, 69]",2022-01-01 10:00:00,completado
354,122,"[73, 51]",2022-01-01 10:00:00,completado
355,122,[26],2022-01-01 10:00:00,completado
356,122,"[107, 105, 27]",2022-01-01 10:00:00,completado
357,123,"[99, 59]",2022-01-01 10:00:00,completado
358,123,"[26, 43]",2022-01-01 10:00:00,completado
359,123,[13],2022-01-01 10:00:00,completado
360,123,"[100, 104, 30]",2022-01-01 10:00:00,completado
361,123,"[17, 107, 55]",2022-01-01 10:00:00,completado
362,124,"[78, 15, 26]",2022-01-01 10:00:00,completado
363,124,[51],2022-01-01 10:00:00,completado
364,125,[94],2022-01-01 10:00:00,completado
365,125,"[61, 96]",2022-01-01 10:00:00,completado
366,125,"[72, 37]",2022-01-01 10:00:00,completado
367,125,"[79, 14]",2022-01-01 10:00:00,completado
368,125,"[86, 31, 9]",2022-01-01 10:00:00,completado
369,126,"[48, 74, 10]",2022-01-01 10:00:00,completado
370,126,[92],2022-01-01 10:00:00,completado
371,126,[48],2022-01-01 10:00:00,completado
372,126,"[76, 20, 82]",2022-01-01 10:00:00,completado
373,127,"[85, 42, 79]",2022-01-01 10:00:00,completado
374,127,"[1, 96]",2022-01-01 10:00:00,completado
375,127,[15],2022-01-01 10:00:00,completado
376,128,"[35, 33]",2022-01-01 10:00:00,completado
377,128,[14],2022-01-01 10:00:00,completado
378,128,"[89, 19]",2022-01-01 10:00:00,completado
379,128,"[3, 64, 85]",2022-01-01 10:00:00,completado
380,128,"[26, 68]",2022-01-01 10:00:00,completado
381,129,"[7, 30]",2022-01-01 10:00:00,completado
382,130,"[51, 92, 22]",2022-01-01 10:00:00,completado
383,130,"[20, 25]",2022-01-01 10:00:00,completado
384,130,"[15, 11, 22]",2022-01-01 10:00:00,completado
385,131,"[90, 13, 27]",2022-01-01 10:00:00,completado
386,131,"[89, 74, 109]",2022-01-01 10:00:00,completado
387,131,"[65, 16, 10]",2022-01-01 10:00:00,completado
388,131,"[60, 101]",2022-01-01 10:00:00,completado
389,132,"[9, 21]",2022-01-01 10:00:00,completado
390,132,"[54, 26, 67]",2022-01-01 10:00:00,completado
391,132,"[57, 90]",2022-01-01 10:00:00,completado
392,133,[99],2022-01-01 10:00:00,completado
393,133,"[102, 26, 80]",2022-01-01 10:00:00,completado
394,133,"[53, 31, 103]",2022-01-01 10:00:00,completado
395,133,"[51, 91]",2022-01-01 10:00:00,completado
396,134,"[34, 9]",2022-01-01 10:00:00,completado
397,134,"[83, 67]",2022-01-01 10:00:00,completado
398,134,"[71, 81, 11]",2022-01-01 10:00:00,completado
399,134,"[21, 64]",2022-01-01 10:00:00,completado
400,134,"[90, 98, 37]",2022-01-01 10:00:00,completado
401,135,"[59, 107, 74]",2022-01-01 10:00:00,completado
402,135,"[101, 97, 13]",2022-01-01 10:00:00,completado
403,135,"[62, 35]",2022-01-01 10:00:00,completado
404,135,[36],2022-01-01 10:00:00,completado
405,135,"[80, 78]",2022-01-01 10:00:00,completado
406,136,[81],2022-01-01 10:00:00,completado
407,136,"[88, 91]",2022-01-01 10:00:00,completado
408,136,"[65, 25]",2022-01-01 10:00:00,completado
409,136,"[1, 42, 98]",2022-01-01 10:00:00,completado
410,137,"[35, 57, 59]",2022-01-01 10:00:00,completado
411,137,[93],2022-01-01 10:00:00,completado
412,137,"[86, 87]",2022-01-01 10:00:00,completado
413,137,"[110, 109]",2022-01-01 10:00:00,completado
414,138,"[35, 72]",2022-01-01 10:00:00,completado
415,139,[83],2022-01-01 10:00:00,completado
416,139,"[12, 93]",2022-01-01 10:00:00,completado
417,139,"[28, 108]",2022-01-01 10:00:00,completado
418,139,[14],2022-01-01 10:00:00,completado
419,140,"[103, 22, 17]",2022-01-01 10:00:00,completado
420,140,"[91, 23]",2022-01-01 10:00:00,completado
421,140,"[76, 78]",2022-01-01 10:00:00,completado
422,140,"[32, 24, 48]",2022-01-01 10:00:00,completado
423,140,[81],2022-01-01 10:00:00,completado
424,141,[63],2022-01-01 10:00:00,completado
425,142,"[17, 28]",2022-01-01 10:00:00,completado
426,143,"[106, 22]",2022-01-01 10:00:00,completado
427,143,"[65, 61]",2022-01-01 10:00:00,completado
428,144,"[39, 41, 74]",2022-01-01 10:00:00,completado
429,144,[51],2022-01-01 10:00:00,completado
430,144,[107],2022-01-01 10:00:00,completado
431,144,"[75, 95]",2022-01-01 10:00:00,completado
432,144,"[93, 78]",2022-01-01 10:00:00,completado
433,145,"[31, 40]",2022-01-01 10:00:00,completado
434,145,"[66, 31, 25]",2022-01-01 10:00:00,completado
435,146,"[35, 75, 70]",2022-01-01 10:00:00,completado
436,146,"[28, 46, 58]",2022-01-01 10:00:00,completado
437,146,[33],2022-01-01 10:00:00,completado
438,146,[59],2022-01-01 10:00:00,completado
439,147,[86],2022-01-01 10:00:00,completado
440,147,"[42, 94]",2022-01-01 10:00:00,completado
441,147,"[49, 70]",2022-01-01 10:00:00,completado
442,148,"[13, 52]",2022-01-01 10:00:00,completado
443,148,"[5, 11, 35]",2022-01-01 10:00:00,completado
444,149,"[28, 75]",2022-01-01 10:00:00,completado
445,149,[19],2022-01-01 10:00:00,completado
446,149,"[78, 10, 24]",2022-01-01 10:00:00,completado
447,149,"[78, 60]",2022-01-01 10:00:00,completado
448,150,[22],2022-01-01 10:00:00,completado
449,151,"[88, 19, 10]",2022-01-01 10:00:00,completado
450,151,"[104, 34]",2022-01-01 10:00:00,completado
451,151,[56],2022-01-01 10:00:00,completado
452,151,"[73, 87, 35]",2022-01-01 10:00:00,completado
453,151,"[82, 55]",2022-01-01 10:00:00,completado
454,152,"[26, 51, 101]",2022-01-01 10:00:00,completado
455,152,"[53, 56]",2022-01-01 10:00:00,completado
456,153,"[1, 16]",2022-01-01 10:00:00,completado
457,154,"[3, 24]",2022-01-01 10:00:00,completado
458,154,"[101, 6]",2022-01-01 10:00:00,completado
459,154,"[108, 70]",2022-01-01 10:00:00,completado
460,154,[109],2022-01-01 10:00:00,completado
461,155,[81],2022-01-01 10:00:00,completado
462,156,"[107, 74]",2022-01-01 10:00:00,completado
463,156,"[4, 63, 60]",2022-01-01 10:00:00,completado
464,157,[13],2022-01-01 10:00:00,completado
465,157,"[77, 29]",2022-01-01 10:00:00,completado
466,157,"[11, 35, 90]",2022-01-01 10:00:00,completado
467,157,[91],2022-01-01 10:00:00,completado
468,157,"[98, 42, 57]",2022-01-01 10:00:00,completado
469,158,"[1, 53]",2022-01-01 10:00:00,completado
470,158,[85],2022-01-01 10:00:00,completado
471,158,"[93, 60]",2022-01-01 10:00:00,completado
472,159,"[22, 82, 77]",2022-01-01 10:00:00,completado
473,159,"[63, 100]",2022-01-01 10:00:00,completado
474,159,"[63, 106]",2022-01-01 10:00:00,completado
475,160,"[94, 9]",2022-01-01 10:00:00,completado
476,160,"[63, 101]",2022-01-01 10:00:00,completado
477,160,"[50, 4, 80]",2022-01-01 10:00:00,completado
478,160,"[40, 102]",2022-01-01 10:00:00,completado
479,160,"[68, 42]",2022-01-01 10:00:00,completado
480,161,"[55, 99, 33]",2022-01-01 10:00:00,completado
481,161,"[107, 85, 38]",2022-01-01 10:00:00,completado
482,161,"[99, 95]",2022-01-01 10:00:00,completado
483,161,[67],2022-01-01 10:00:00,completado
484,162,"[110, 50, 87]",2022-01-01 10:00:00,completado
485,162,[82],2022-01-01 10:00:00,completado
486,162,[36],2022-01-01 10:00:00,completado
487,162,"[41, 15, 53]",2022-01-01 10:00:00,completado
488,163,"[22, 37, 46]",2022-01-01 10:00:00,completado
489,163,"[76, 3, 46]",2022-01-01 10:00:00,completado
490,164,[94],2022-01-01 10:00:00,completado
491,164,"[32, 38, 89]",2022-01-01 10:00:00,completado
492,164,"[73, 85]",2022-01-01 10:00:00,completado
493,165,"[62, 33, 22]",2022-01-01 10:00:00,completado
494,165,"[105, 87, 63]",2022-01-01 10:00:00,completado
495,165,"[70, 30]",2022-01-01 10:00:00,completado
496,166,"[34, 54, 14]",2022-01-01 10:00:00,completado
497,167,"[32, 89, 41]",2022-01-01 10:00:00,completado
498,167,"[41, 87]",2022-01-01 10:00:00,completado
499,168,"[67, 40]",2022-01-01 10:00:00,completado
500,168,"[63, 82]",2022-01-01 10:00:00,completado
501,168,"[82, 20]",2022-01-01 10:00:00,completado
502,169,"[106, 50]",2022-01-01 10:00:00,completado
503,169,"[23, 91]",2022-01-01 10:00:00,completado
504,169,"[33, 30]",2022-01-01 10:00:00,completado
505,170,"[24, 8, 84]",2022-01-01 10:00:00,completado
506,171,"[82, 21, 68]",2022-01-01 10:00:00,completado
507,171,"[60, 11]",2022-01-01 10:00:00,completado
508,171,"[97, 28]",2022-01-01 10:00:00,completado
509,171,"[1, 108]",2022-01-01 10:00:00,completado
510,171,"[67, 7]",2022-01-01 10:00:00,completado
511,172,[40],2022-01-01 10:00:00,completado
512,172,[39],2022-01-01 10:00:00,completado
513,172,"[91, 77, 97]",2022-01-01 10:00:00,completado
514,172,"[106, 100]",2022-01-01 10:00:00,completado
515,173,"[35, 66]",2022-01-01 10:00:00,completado
516,173,"[58, 37]",2022-01-01 10:00:00,completado
517,173,"[96, 31]",2022-01-01 10:00:00,completado
518,173,"[104, 9, 106]",2022-01-01 10:00:00,completado
519,173,"[10, 61]",2022-01-01 10:00:00,completado
520,174,"[44, 93, 11]",2022-01-01 10:00:00,completado
521,174,"[43, 90, 28]",2022-01-01 10:00:00,completado
522,175,"[63, 42]",2022-01-01 10:00:00,completado
523,175,"[10, 109]",2022-01-01 10:00:00,completado
524,175,"[58, 23]",2022-01-01 10:00:00,completado
525,176,"[85, 95]",2022-01-01 10:00:00,completado
526,176,"[109, 72, 8]",2022-01-01 10:00:00,completado
527,177,"[88, 83, 94]",2022-01-01 10:00:00,completado
528,177,"[29, 91, 93]",2022-01-01 10:00:00,completado
529,178,"[14, 37]",2022-01-01 10:00:00,completado
530,179,"[37, 19]",2022-01-01 10:00:00,completado
531,179,"[7, 33, 87]",2022-01-01 10:00:00,completado
532,179,"[67, 11, 58]",2022-01-01 10:00:00,completado
533,179,[87],2022-01-01 10:00:00,completado
534,180,[64],2022-01-01 10:00:00,completado
535,180,"[43, 74]",2022-01-01 10:00:00,completado
536,181,"[80, 77]",2022-01-01 10:00:00,completado
537,182,[99],2022-01-01 10:00:00,completado
538,182,[101],2022-01-01 10:00:00,completado
539,183,"[97, 89, 10]",2022-01-01 10:00:00,completado
540,184,[40],2022-01-01 10:00:00,completado
541,185,"[48, 80, 9]",2022-01-01 10:00:00,completado
542,186,"[69, 59]",2022-01-01 10:00:00,completado
543,186,"[69, 3]",2022-01-01 10:00:00,completado
544,187,"[5, 64, 26]",2022-01-01 10:00:00,completado
545,187,"[72, 46, 83]",2022-01-01 10:00:00,completado
546,187,"[41, 92, 67]",2022-01-01 10:00:00,completado
547,187,"[13, 83]",2022-01-01 10:00:00,completado
548,188,[103],2022-01-01 10:00:00,completado
549,188,"[101, 80, 52]",2022-01-01 10:00:00,completado
550,188,[25],2022-01-01 10:00:00,completado
551,188,[95],2022-01-01 10:00:00,completado
552,188,"[29, 86, 58]",2022-01-01 10:00:00,completado
553,189,"[67, 51]",2022-01-01 10:00:00,completado
554,189,"[23, 3, 110]",2022-01-01 10:00:00,completado
555,190,"[9, 19, 3]",2022-01-01 10:00:00,completado
556,190,"[52, 7]",2022-01-01 10:00:00,completado
557,190,"[92, 14]",2022-01-01 10:00:00,completado
558,190,"[22, 107]",2022-01-01 10:00:00,completado
559,190,"[71, 51]",2022-01-01 10:00:00,completado
560,191,"[3, 79]",2022-01-01 10:00:00,completado
561,191,"[99, 14, 18]",2022-01-01 10:00:00,completado
562,191,"[49, 92, 90]",2022-01-01 10:00:00,completado
563,192,"[85, 59, 76]",2022-01-01 10:00:00,completado
564,193,"[75, 56]",2022-01-01 10:00:00,completado
565,193,"[70, 52, 32]",2022-01-01 10:00:00,completado
566,193,"[19, 50]",2022-01-01 10:00:00,completado
567,193,"[11, 28, 87]",2022-01-01 10:00:00,completado
568,194,"[35, 85]",2022-01-01 10:00:00,completado
569,194,[35],2022-01-01 10:00:00,completado
570,194,[55],2022-01-01 10:00:00,completado
571,194,"[79, 14, 48]",2022-01-01 10:00:00,completado
572,195,"[90, 47, 28]",2022-01-01 10:00:00,completado
573,196,"[49, 1, 34]",2022-01-01 10:00:00,completado
574,196,[52],2022-01-01 10:00:00,completado
575,196,[29],2022-01-01 10:00:00,completado
576,197,"[79, 71, 10]",2022-01-01 10:00:00,completado
577,197,[25],2022-01-01 10:00:00,completado
578,197,"[35, 96, 16]",2022-01-01 10:00:00,completado
579,197,[50],2022-01-01 10:00:00,completado
580,197,"[10, 88, 64]",2022-01-01 10:00:00,completado
581,198,"[23, 73]",2022-01-01 10:00:00,completado
582,199,"[5, 56, 105]",2022-01-01 10:00:00,completado
583,199,"[20, 74]",2022-01-01 10:00:00,completado
584,199,"[91, 66, 76]",2022-01-01 10:00:00,completado
585,199,"[16, 35]",2022-01-01 10:00:00,completado
586,199,[44],2022-01-01 10:00:00,completado
587,200,"[56, 95, 26]",2022-01-01 10:00:00,completado
588,201,"[89, 24]",2022-01-01 10:00:00,completado
589,201,"[85, 94, 46]",2022-01-01 10:00:00,completado
590,201,"[58, 35]",2022-01-01 10:00:00,completado
591,201,"[7, 25]",2022-01-01 10:00:00,completado
592,201,"[91, 54]",2022-01-01 10:00:00,completado
593,202,[28],2022-01-01 10:00:00,completado
594,202,[7],2022-01-01 10:00:00,completado
595,202,"[75, 103]",2022-01-01 10:00:00,completado
596,202,[76],2022-01-01 10:00:00,completado
597,203,"[39, 90, 35]",2022-01-01 10:00:00,completado
598,203,"[12, 64]",2022-01-01 10:00:00,completado
599,203,"[5, 93, 95]",2022-01-01 10:00:00,completado
600,203,"[54, 76]",2022-01-01 10:00:00,completado
601,203,"[33, 9]",2022-01-01 10:00:00,completado
602,204,[100],2022-01-01 10:00:00,completado
603,205,"[28, 63, 44]",2022-01-01 10:00:00,completado
604,206,"[31, 102]",2022-01-01 10:00:00,completado
605,206,"[86, 89, 39]",2022-01-01 10:00:00,completado
606,206,[35],2022-01-01 10:00:00,completado
607,207,[30],2022-01-01 10:00:00,completado
608,207,"[81, 21, 9]",2022-01-01 10:00:00,completado
609,207,[33],2022-01-01 10:00:00,completado
610,207,"[93, 108, 41]",2022-01-01 10:00:00,completado
611,207,"[74, 54, 12]",2022-01-01 10:00:00,completado
612,208,"[96, 29]",2022-01-01 10:00:00,completado
613,208,[39],2022-01-01 10:00:00,completado
614,209,"[29, 48, 63]",2022-01-01 10:00:00,completado
615,209,[54],2022-01-01 10:00:00,completado
616,209,"[58, 63]",2022-01-01 10:00:00,completado
617,209,"[24, 22]",2022-01-01 10:00:00,completado
618,210,"[24, 110, 67]",2022-01-01 10:00:00,completado
619,210,"[110, 13]",2022-01-01 10:00:00,completado
620,210,[64],2022-01-01 10:00:00,completado
621,211,"[22, 60, 6]",2022-01-01 10:00:00,completado
622,211,[58],2022-01-01 10:00:00,completado
623,211,"[71, 16]",2022-01-01 10:00:00,completado
624,212,[88],2022-01-01 10:00:00,completado
625,213,"[10, 80, 3]",2022-01-01 10:00:00,completado
626,213,[33],2022-01-01 10:00:00,completado
627,213,"[48, 21, 94]",2022-01-01 10:00:00,completado
628,213,"[86, 53, 1]",2022-01-01 10:00:00,completado
629,214,"[97, 12]",2022-01-01 10:00:00,completado
630,214,[32],2022-01-01 10:00:00,completado
631,215,[31],2022-01-01 10:00:00,completado
632,215,"[65, 82]",2022-01-01 10:00:00,completado
633,215,"[52, 47, 26]",2022-01-01 10:00:00,completado
634,215,"[84, 110, 95]",2022-01-01 10:00:00,completado
635,215,"[7, 29, 57]",2022-01-01 10:00:00,completado
636,216,"[29, 103]",2022-01-01 10:00:00,completado
637,216,[76],2022-01-01 10:00:00,completado
638,217,"[85, 38]",2022-01-01 10:00:00,completado
639,218,[83],2022-01-01 10:00:00,completado
640,218,[15],2022-01-01 10:00:00,completado
641,218,"[75, 107, 17]",2022-01-01 10:00:00,completado
642,218,"[35, 65]",2022-01-01 10:00:00,completado
643,218,[95],2022-01-01 10:00:00,completado
644,219,"[72, 13]",2022-01-01 10:00:00,completado
645,219,[101],2022-01-01 10:00:00,completado
646,219,"[66, 41, 21]",2022-01-01 10:00:00,completado
647,220,[84],2022-01-01 10:00:00,completado
648,220,"[64, 95]",2022-01-01 10:00:00,completado
649,220,"[69, 33, 60]",2022-01-01 10:00:00,completado
650,220,[109],2022-01-01 10:00:00,completado
651,220,[88],2022-01-01 10:00:00,completado
652,221,"[30, 101]",2022-01-01 10:00:00,completado
653,221,"[102, 94, 51]",2022-01-01 10:00:00,completado
654,221,"[83, 74]",2022-01-01 10:00:00,completado
655,222,[54],2022-01-01 10:00:00,completado
656,223,"[61, 49, 42]",2022-01-01 10:00:00,completado
657,223,"[13, 28, 62]",2022-01-01 10:00:00,completado
658,223,"[38, 13, 41]",2022-01-01 10:00:00,completado
659,223,[10],2022-01-01 10:00:00,completado
660,224,"[22, 106]",2022-01-01 10:00:00,completado
661,224,[75],2022-01-01 10:00:00,completado
662,224,"[58, 63]",2022-01-01 10:00:00,completado
663,225,"[104, 15]",2022-01-01 10:00:00,completado
664,225,[94],2022-01-01 10:00:00,completado
665,225,[69],2022-01-01 10:00:00,completado
666,225,"[57, 97]",2022-01-01 10:00:00,completado
667,226,"[61, 27, 13]",2022-01-01 10:00:00,completado
668,226,[28],2022-01-01 10:00:00,completado
669,226,"[59, 11]",2022-01-01 10:00:00,completado
670,227,[75],2022-01-01 10:00:00,completado
671,227,[74],2022-01-01 10:00:00,completado
672,227,[50],2022-01-01 10:00:00,completado
673,227,[30],2022-01-01 10:00:00,completado
674,228,[50],2022-01-01 10:00:00,completado
675,228,"[78, 70]",2022-01-01 10:00:00,completado
676,228,"[20, 6]",2022-01-01 10:00:00,completado
677,228,"[11, 62, 106]",2022-01-01 10:00:00,completado
678,229,[97],2022-01-01 10:00:00,completado
679,230,"[105, 60, 106]",2022-01-01 10:00:00,completado
680,230,"[49, 64]",2022-01-01 10:00:00,completado
681,230,"[28, 1, 46]",2022-01-01 10:00:00,completado
682,230,[74],2022-01-01 10:00:00,completado
683,231,[59],2022-01-01 10:00:00,completado
684,231,"[52, 54]",2022-01-01 10:00:00,completado
685,231,"[1, 83]",2022-01-01 10:00:00,completado
686,231,"[1, 28, 32]",2022-01-01 10:00:00,completado
687,231,[6],2022-01-01 10:00:00,completado
688,232,[50],2022-01-01 10:00:00,completado
689,232,[27],2022-01-01 10:00:00,completado
690,232,"[54, 50, 76]",2022-01-01 10:00:00,completado
691,232,[81],2022-01-01 10:00:00,completado
692,233,"[76, 50]",2022-01-01 10:00:00,completado
693,233,"[43, 10]",2022-01-01 10:00:00,completado
694,233,"[68, 11, 66]",2022-01-01 10:00:00,completado
695,233,[61],2022-01-01 10:00:00,completado
696,233,[59],2022-01-01 10:00:00,completado
697,234,"[16, 81]",2022-01-01 10:00:00,completado
698,234,"[83, 103]",2022-01-01 10:00:00,completado
699,234,"[37, 38, 61]",2022-01-01 10:00:00,completado
700,235,"[37, 107]",2022-01-01 10:00:00,completado
701,235,"[60, 9]",2022-01-01 10:00:00,completado
702,236,"[53, 47, 6]",2022-01-01 10:00:00,completado
703,236,"[61, 40, 107]",2022-01-01 10:00:00,completado
704,237,"[90, 70, 20]",2022-01-01 10:00:00,completado
705,238,"[9, 41, 50]",2022-01-01 10:00:00,completado
706,238,"[63, 4]",2022-01-01 10:00:00,completado
707,238,[73],2022-01-01 10:00:00,completado
708,238,"[3, 33]",2022-01-01 10:00:00,completado
709,239,"[78, 42, 37]",2022-01-01 10:00:00,completado
710,239,"[62, 26]",2022-01-01 10:00:00,completado
711,239,"[63, 80, 85]",2022-01-01 10:00:00,completado
712,240,[94],2022-01-01 10:00:00,completado
713,240,"[89, 46, 101]",2022-01-01 10:00:00,completado
714,240,"[34, 9, 5]",2022-01-01 10:00:00,completado
715,240,"[79, 72, 41]",2022-01-01 10:00:00,completado
716,241,[25],2022-01-01 10:00:00,completado
717,241,"[80, 102]",2022-01-01 10:00:00,completado
718,241,"[102, 30, 110]",2022-01-01 10:00:00,completado
719,241,[7],2022-01-01 10:00:00,completado
720,242,"[72, 83, 77]",2022-01-01 10:00:00,completado
721,242,[106],2022-01-01 10:00:00,completado
722,243,"[94, 37]",2022-01-01 10:00:00,completado
723,243,"[102, 21, 84]",2022-01-01 10:00:00,completado
724,243,"[96, 86]",2022-01-01 10:00:00,completado
725,243,"[8, 104, 28]",2022-01-01 10:00:00,completado
726,243,"[25, 26]",2022-01-01 10:00:00,completado
727,244,"[48, 28, 64]",2022-01-01 10:00:00,completado
728,244,"[19, 105]",2022-01-01 10:00:00,completado
729,244,"[95, 88, 55]",2022-01-01 10:00:00,completado
730,245,"[68, 55, 14]",2022-01-01 10:00:00,completado
731,245,"[50, 63]",2022-01-01 10:00:00,completado
732,245,"[30, 10]",2022-01-01 10:00:00,completado
733,245,"[50, 90]",2022-01-01 10:00:00,completado
734,246,"[93, 108]",2022-01-01 10:00:00,completado
735,246,[74],2022-01-01 10:00:00,completado
736,246,"[44, 57]",2022-01-01 10:00:00,completado
737,247,"[83, 26, 34]",2022-01-01 10:00:00,completado
738,247,"[39, 104, 48]",2022-01-01 10:00:00,completado
739,248,"[86, 73]",2022-01-01 10:00:00,completado
740,248,"[62, 83, 17]",2022-01-01 10:00:00,completado
741,248,[110],2022-01-01 10:00:00,completado
742,249,"[8, 87, 56]",2022-01-01 10:00:00,completado
743,249,"[109, 12]",2022-01-01 10:00:00,completado
744,249,"[28, 81]",2022-01-01 10:00:00,completado
745,249,"[92, 1]",2022-01-01 10:00:00,completado
746,249,"[1, 58, 48]",2022-01-01 10:00:00,completado
747,250,[110],2022-01-01 10:00:00,completado
748,250,[84],2022-01-01 10:00:00,completado
749,251,"[6, 20, 23]",2022-01-01 10:00:00,completado
750,251,"[98, 33]",2022-01-01 10:00:00,completado
751,251,"[63, 73]",2022-01-01 10:00:00,completado
752,251,"[88, 93]",2022-01-01 10:00:00,completado
753,251,[71],2022-01-01 10:00:00,completado
754,252,"[76, 35]",2022-01-01 10:00:00,completado
755,252,"[62, 11]",2022-01-01 10:00:00,completado
756,252,[41],2022-01-01 10:00:00,completado
757,252,[28],2022-01-01 10:00:00,completado
758,252,[56],2022-01-01 10:00:00,completado
759,253,"[26, 18, 10]",2022-01-01 10:00:00,completado
760,253,[49],2022-01-01 10:00:00,completado
761,253,"[96, 86]",2022-01-01 10:00:00,completado
762,253,"[95, 22, 109]",2022-01-01 10:00:00,completado
763,254,"[41, 6, 58]",2022-01-01 10:00:00,completado
764,254,[15],2022-01-01 10:00:00,completado
765,255,[87],2022-01-01 10:00:00,completado
766,255,"[40, 16, 57]",2022-01-01 10:00:00,completado
767,255,"[80, 20, 70]",2022-01-01 10:00:00,completado
768,255,[65],2022-01-01 10:00:00,completado
769,256,"[17, 93, 108]",2022-01-01 10:00:00,completado
770,256,"[24, 90]",2022-01-01 10:00:00,completado
771,257,[80],2022-01-01 10:00:00,completado
772,257,"[23, 52, 96]",2022-01-01 10:00:00,completado
773,257,[74],2022-01-01 10:00:00,completado
774,257,"[24, 97]",2022-01-01 10:00:00,completado
775,258,[110],2022-01-01 10:00:00,completado
776,258,"[17, 49, 62]",2022-01-01 10:00:00,completado
777,258,"[99, 39]",2022-01-01 10:00:00,completado
778,258,"[55, 28, 94]",2022-01-01 10:00:00,completado
779,258,"[27, 5, 72]",2022-01-01 10:00:00,completado
780,259,"[76, 98, 87]",2022-01-01 10:00:00,completado
781,259,[53],2022-01-01 10:00:00,completado
782,259,"[16, 75, 26]",2022-01-01 10:00:00,completado
783,259,[57],2022-01-01 10:00:00,completado
784,259,"[58, 79, 83]",2022-01-01 10:00:00,completado
785,260,[5],2022-01-01 10:00:00,completado
786,260,"[69, 50, 110]",2022-01-01 10:00:00,completado
787,260,[37],2022-01-01 10:00:00,completado
788,261,"[1, 100]",2022-01-01 10:00:00,completado
789,261,"[91, 47]",2022-01-01 10:00:00,completado
790,262,"[8, 32, 29]",2022-01-01 10:00:00,completado
791,262,"[77, 27]",2022-01-01 10:00:00,completado
792,263,[25],2022-01-01 10:00:00,completado
793,264,[8],2022-01-01 10:00:00,completado
794,264,"[65, 88]",2022-01-01 10:00:00,completado
795,264,"[94, 71, 87]",2022-01-01 10:00:00,completado
796,264,"[49, 67]",2022-01-01 10:00:00,completado
797,264,"[104, 10, 3]",2022-01-01 10:00:00,completado
798,265,[8],2022-01-01 10:00:00,completado
799,265,"[59, 73]",2022-01-01 10:00:00,completado
800,265,[59],2022-01-01 10:00:00,completado
801,266,[97],2022-01-01 10:00:00,completado
802,266,"[82, 45, 110]",2022-01-01 10:00:00,completado
803,266,[93],2022-01-01 10:00:00,completado
804,266,"[73, 47, 36]",2022-01-01 10:00:00,completado
805,267,"[93, 107, 24]",2022-01-01 10:00:00,completado
806,267,"[23, 65, 38]",2022-01-01 10:00:00,completado
807,267,"[67, 50]",2022-01-01 10:00:00,completado
808,267,[37],2022-01-01 10:00:00,completado
809,268,[98],2022-01-01 10:00:00,completado
810,268,[98],2022-01-01 10:00:00,completado
811,269,"[93, 55]",2022-01-01 10:00:00,completado
812,269,[50],2022-01-01 10:00:00,completado
813,269,"[39, 23]",2022-01-01 10:00:00,completado
814,270,"[22, 62, 2]",2022-01-01 10:00:00,completado
815,271,"[81, 64, 40]",2022-01-01 10:00:00,completado
816,271,"[4, 65, 43]",2022-01-01 10:00:00,completado
817,271,"[8, 20, 103]",2022-01-01 10:00:00,completado
818,271,"[28, 92, 51]",2022-01-01 10:00:00,completado
819,271,"[48, 80]",2022-01-01 10:00:00,completado
820,272,"[87, 46]",2022-01-01 10:00:00,completado
821,272,[86],2022-01-01 10:00:00,completado
822,272,"[72, 24, 77]",2022-01-01 10:00:00,completado
823,273,"[36, 105, 75]",2022-01-01 10:00:00,completado
824,273,"[3, 68, 73]",2022-01-01 10:00:00,completado
825,273,"[87, 66, 5]",2022-01-01 10:00:00,completado
826,273,[89],2022-01-01 10:00:00,completado
827,274,[84],2022-01-01 10:00:00,completado
828,274,[21],2022-01-01 10:00:00,completado
829,274,[16],2022-01-01 10:00:00,completado
830,274,"[45, 35, 97]",2022-01-01 10:00:00,completado
831,275,[67],2022-01-01 10:00:00,completado
832,276,[84],2022-01-01 10:00:00,completado
833,276,"[103, 45]",2022-01-01 10:00:00,completado
834,276,"[21, 20]",2022-01-01 10:00:00,completado
835,276,[2],2022-01-01 10:00:00,completado
836,276,"[66, 45, 10]",2022-01-01 10:00:00,completado
837,277,[48],2022-01-01 10:00:00,completado
838,278,"[102, 88]",2022-01-01 10:00:00,completado
839,279,[12],2022-01-01 10:00:00,completado
840,279,[83],2022-01-01 10:00:00,completado
841,279,"[53, 93]",2022-01-01 10:00:00,completado
842,280,"[50, 96, 5]",2022-01-01 10:00:00,completado
843,280,"[43, 34, 54]",2022-01-01 10:00:00,completado
844,280,"[81, 44]",2022-01-01 10:00:00,completado
845,281,"[9, 58, 35]",2022-01-01 10:00:00,completado
846,281,"[39, 31]",2022-01-01 10:00:00,completado
847,281,"[95, 40]",2022-01-01 10:00:00,completado
848,282,[94],2022-01-01 10:00:00,completado
849,282,"[42, 34, 95]",2022-01-01 10:00:00,completado
850,282,[47],2022-01-01 10:00:00,completado
851,282,[70],2022-01-01 10:00:00,completado
852,282,"[106, 21]",2022-01-01 10:00:00,completado
853,283,"[39, 61]",2022-01-01 10:00:00,completado
854,283,"[96, 10, 50]",2022-01-01 10:00:00,completado
855,283,[57],2022-01-01 10:00:00,completado
856,283,"[5, 94]",2022-01-01 10:00:00,completado
857,283,"[35, 18]",2022-01-01 10:00:00,completado
858,284,"[62, 61]",2022-01-01 10:00:00,completado
859,284,"[52, 72]",2022-01-01 10:00:00,completado
860,284,[77],2022-01-01 10:00:00,completado
861,285,"[29, 52, 28]",2022-01-01 10:00:00,completado
862,285,[105],2022-01-01 10:00:00,completado
863,285,"[59, 26, 17]",2022-01-01 10:00:00,completado
864,286,"[85, 71, 94]",2022-01-01 10:00:00,completado
865,287,"[78, 66]",2022-01-01 10:00:00,completado
866,287,[8],2022-01-01 10:00:00,completado
867,288,[80],2022-01-01 10:00:00,completado
868,288,"[23, 58]",2022-01-01 10:00:00,completado
869,288,[60],2022-01-01 10:00:00,completado
870,289,"[101, 35]",2022-01-01 10:00:00,completado
871,289,[42],2022-01-01 10:00:00,completado
872,289,"[89, 58]",2022-01-01 10:00:00,completado
873,289,"[34, 59]",2022-01-01 10:00:00,completado
874,290,[6],2022-01-01 10:00:00,completado
875,290,[65],2022-01-01 10:00:00,completado
876,291,"[13, 104, 83]",2022-01-01 10:00:00,completado
877,291,"[67, 9]",2022-01-01 10:00:00,completado
878,291,"[79, 93, 31]",2022-01-01 10:00:00,completado
879,291,"[43, 57]",2022-01-01 10:00:00,completado
880,292,[66],2022-01-01 10:00:00,completado
881,292,[90],2022-01-01 10:00:00,completado
882,292,"[23, 80]",2022-01-01 10:00:00,completado
883,292,"[2, 83, 29]",2022-01-01 10:00:00,completado
884,293,"[95, 59, 28]",2022-01-01 10:00:00,completado
885,293,"[46, 45, 3]",2022-01-01 10:00:00,completado
886,293,"[106, 65]",2022-01-01 10:00:00,completado
887,293,"[102, 46, 104]",2022-01-01 10:00:00,completado
888,294,"[104, 50]",2022-01-01 10:00:00,completado
889,294,[8],2022-01-01 10:00:00,completado
890,295,"[41, 9]",2022-01-01 10:00:00,completado
891,295,"[106, 84]",2022-01-01 10:00:00,completado
892,295,"[38, 10]",2022-01-01 10:00:00,completado
893,296,[82],2022-01-01 10:00:00,completado
894,297,[50],2022-01-01 10:00:00,completado
895,297,[87],2022-01-01 10:00:00,completado
896,297,[69],2022-01-01 10:00:00,completado
897,298,"[30, 29, 45]",2022-01-01 10:00:00,completado
898,299,"[48, 15, 7]",2022-01-01 10:00:00,completado
899,299,[102],2022-01-01 10:00:00,completado
900,299,[89],2022-01-01 10:00:00,completado
901,299,"[1, 75]",2022-01-01 10:00:00,completado
902,299,[92],2022-01-01 10:00:00,completado
903,300,[25],2022-01-01 10:00:00,completado
